use non_dairy_barn;
#
# Adding data for table 'Employees'
#
INSERT INTO Employees(ssn,first_name,last_name,hourly_wage,home_store,employeeID) VALUES ('609-59-7722','Obediah','Olczak','$15.13',9,'98-9983697');
INSERT INTO Employees(ssn,first_name,last_name,hourly_wage,home_store,employeeID) VALUES ('359-26-2769','Hastie','Wixey','$18.92',3,'34-0313237');
INSERT INTO Employees(ssn,first_name,last_name,hourly_wage,home_store,employeeID) VALUES ('132-17-7513','Vittoria','Archdeacon','$19.46',10,'28-3922929');
INSERT INTO Employees(ssn,first_name,last_name,hourly_wage,home_store,employeeID) VALUES ('641-28-1501','Burlie','Walne','$17.11',8,'32-9466579');
INSERT INTO Employees(ssn,first_name,last_name,hourly_wage,home_store,employeeID) VALUES ('857-94-2790','Tammy','Bytheway','$15.94',1,'54-7371997');
INSERT INTO Employees(ssn,first_name,last_name,hourly_wage,home_store,employeeID) VALUES ('757-82-6714','Cherri','Blaes','$14.70',6,'79-6780795');
INSERT INTO Employees(ssn,first_name,last_name,hourly_wage,home_store,employeeID) VALUES ('181-18-5103','Casper','Hurl','$15.84',3,'20-9784352');
INSERT INTO Employees(ssn,first_name,last_name,hourly_wage,home_store,employeeID) VALUES ('148-92-0524','Dale','Label','$17.86',7,'64-4370084');
INSERT INTO Employees(ssn,first_name,last_name,hourly_wage,home_store,employeeID) VALUES ('792-31-0631','Roderic','Matyatin','$19.57',2,'34-0682780');
INSERT INTO Employees(ssn,first_name,last_name,hourly_wage,home_store,employeeID) VALUES ('162-60-2735','Doyle','Downham','$14.56',1,'01-6455371');
INSERT INTO Employees(ssn,first_name,last_name,hourly_wage,home_store,employeeID) VALUES ('102-09-3098','Cyril','Rattenberie','$18.99',10,'80-6465713');
INSERT INTO Employees(ssn,first_name,last_name,hourly_wage,home_store,employeeID) VALUES ('331-61-5641','Beverly','Kinner','$14.10',1,'13-4431745');
INSERT INTO Employees(ssn,first_name,last_name,hourly_wage,home_store,employeeID) VALUES ('255-02-1681','Daron','Dellit','$15.71',5,'76-8746171');
INSERT INTO Employees(ssn,first_name,last_name,hourly_wage,home_store,employeeID) VALUES ('814-34-4492','Binni','Bissiker','$17.49',2,'94-1044883');
INSERT INTO Employees(ssn,first_name,last_name,hourly_wage,home_store,employeeID) VALUES ('814-84-9725','Annalise','Threadkell','$14.84',8,'45-3382752');
INSERT INTO Employees(ssn,first_name,last_name,hourly_wage,home_store,employeeID) VALUES ('664-81-8065','Hynda','Demangeot','$18.43',4,'48-8188007');
INSERT INTO Employees(ssn,first_name,last_name,hourly_wage,home_store,employeeID) VALUES ('287-92-3325','Patti','Butterfield','$18.05',1,'83-6482015');
INSERT INTO Employees(ssn,first_name,last_name,hourly_wage,home_store,employeeID) VALUES ('407-48-6685','Pernell','Hyndson','$17.15',5,'75-6683843');
INSERT INTO Employees(ssn,first_name,last_name,hourly_wage,home_store,employeeID) VALUES ('800-42-4714','Guy','Pavlitschek','$19.80',6,'72-3900232');
INSERT INTO Employees(ssn,first_name,last_name,hourly_wage,home_store,employeeID) VALUES ('434-63-0648','Neysa','Slight','$17.61',9,'35-0757561');
INSERT INTO Employees(ssn,first_name,last_name,hourly_wage,home_store,employeeID) VALUES ('603-24-7390','Zsazsa','Larkkem','$17.53',5,'75-3454782');
INSERT INTO Employees(ssn,first_name,last_name,hourly_wage,home_store,employeeID) VALUES ('434-15-8322','Mag','Korba','$17.41',7,'29-1338978');
INSERT INTO Employees(ssn,first_name,last_name,hourly_wage,home_store,employeeID) VALUES ('141-66-9666','Brewer','Heinz','$14.81',4,'10-9579385');
INSERT INTO Employees(ssn,first_name,last_name,hourly_wage,home_store,employeeID) VALUES ('253-09-0003','Sharona','Guilloneau','$15.59',1,'45-3678910');
INSERT INTO Employees(ssn,first_name,last_name,hourly_wage,home_store,employeeID) VALUES ('882-78-6840','Emilie','Rodinger','$17.72',3,'59-1017708');
INSERT INTO Employees(ssn,first_name,last_name,hourly_wage,home_store,employeeID) VALUES ('302-85-9387','Carissa','Toffolini','$16.91',3,'57-5229374');
INSERT INTO Employees(ssn,first_name,last_name,hourly_wage,home_store,employeeID) VALUES ('752-54-4642','Keary','Benson','$18.20',6,'48-3327718');
INSERT INTO Employees(ssn,first_name,last_name,hourly_wage,home_store,employeeID) VALUES ('109-71-1840','Maighdiln','Cosh','$17.56',9,'23-6730628');
INSERT INTO Employees(ssn,first_name,last_name,hourly_wage,home_store,employeeID) VALUES ('181-69-9681','Matthias','Wavell','$15.27',7,'59-5455001');
INSERT INTO Employees(ssn,first_name,last_name,hourly_wage,home_store,employeeID) VALUES ('330-14-8535','Adriane','Kliemchen','$19.68',1,'05-3529101');
INSERT INTO Employees(ssn,first_name,last_name,hourly_wage,home_store,employeeID) VALUES ('747-61-9619','Avrom','O''Cannovane','$18.85',5,'68-1004431');
INSERT INTO Employees(ssn,first_name,last_name,hourly_wage,home_store,employeeID) VALUES ('778-37-2073','Brittney','Winteringham','$19.87',4,'97-7364841');
INSERT INTO Employees(ssn,first_name,last_name,hourly_wage,home_store,employeeID) VALUES ('573-81-5042','Debee','Tousey','$14.48',1,'16-5833604');
INSERT INTO Employees(ssn,first_name,last_name,hourly_wage,home_store,employeeID) VALUES ('441-51-2402','Helli','Purdey','$14.40',3,'76-9786447');
INSERT INTO Employees(ssn,first_name,last_name,hourly_wage,home_store,employeeID) VALUES ('387-26-0820','Ralina','Magowan','$14.27',6,'89-9060625');
INSERT INTO Employees(ssn,first_name,last_name,hourly_wage,home_store,employeeID) VALUES ('853-40-6855','Cross','Halwood','$19.70',3,'68-4558808');
INSERT INTO Employees(ssn,first_name,last_name,hourly_wage,home_store,employeeID) VALUES ('325-51-1622','Justina','Kimmince','$15.34',4,'16-9401669');
INSERT INTO Employees(ssn,first_name,last_name,hourly_wage,home_store,employeeID) VALUES ('779-77-6397','Tess','Wholesworth','$18.21',1,'86-1304837');
INSERT INTO Employees(ssn,first_name,last_name,hourly_wage,home_store,employeeID) VALUES ('399-96-4471','Cross','Binning','$18.13',10,'54-3656526');
INSERT INTO Employees(ssn,first_name,last_name,hourly_wage,home_store,employeeID) VALUES ('291-87-6706','Tamar','Millar','$16.38',7,'87-8151044');
INSERT INTO Employees(ssn,first_name,last_name,hourly_wage,home_store,employeeID) VALUES ('789-66-7623','Mildrid','Marjanovic','$18.77',8,'08-9084341');
INSERT INTO Employees(ssn,first_name,last_name,hourly_wage,home_store,employeeID) VALUES ('622-74-7897','Clarie','Spiers','$16.04',9,'43-7607493');
INSERT INTO Employees(ssn,first_name,last_name,hourly_wage,home_store,employeeID) VALUES ('326-76-7459','Tabb','Moukes','$14.29',4,'48-5825736');
INSERT INTO Employees(ssn,first_name,last_name,hourly_wage,home_store,employeeID) VALUES ('875-11-3430','Westley','Chartres','$18.88',5,'38-1793957');
INSERT INTO Employees(ssn,first_name,last_name,hourly_wage,home_store,employeeID) VALUES ('251-21-2727','Bria','Cutforth','$14.69',2,'15-8143847');
INSERT INTO Employees(ssn,first_name,last_name,hourly_wage,home_store,employeeID) VALUES ('277-18-4179','Willis','Brown','$16.46',8,'12-9408227');
INSERT INTO Employees(ssn,first_name,last_name,hourly_wage,home_store,employeeID) VALUES ('588-83-8369','Olivia','Wedgwood','$18.78',6,'78-0887161');
INSERT INTO Employees(ssn,first_name,last_name,hourly_wage,home_store,employeeID) VALUES ('391-82-6378','Patin','Falck','$17.50',9,'94-4428993');
INSERT INTO Employees(ssn,first_name,last_name,hourly_wage,home_store,employeeID) VALUES ('216-33-6149','Whit','Wiggin','$14.02',2,'92-6438571');
INSERT INTO Employees(ssn,first_name,last_name,hourly_wage,home_store,employeeID) VALUES ('379-41-3801','Hendrick','McCarrison','$19.01',7,'98-3727183');
INSERT INTO Employees(ssn,first_name,last_name,hourly_wage,home_store,employeeID) VALUES ('248-01-1697','Cherianne','Lambshine','$14.99',6,'14-5264764');
INSERT INTO Employees(ssn,first_name,last_name,hourly_wage,home_store,employeeID) VALUES ('356-84-2510','Torrence','Wittleton','$19.06',5,'44-8558054');
INSERT INTO Employees(ssn,first_name,last_name,hourly_wage,home_store,employeeID) VALUES ('321-21-8743','Irena','Fuggles','$16.39',8,'29-0602553');
INSERT INTO Employees(ssn,first_name,last_name,hourly_wage,home_store,employeeID) VALUES ('508-27-5737','Addy','Adicot','$15.22',9,'00-6271485');
INSERT INTO Employees(ssn,first_name,last_name,hourly_wage,home_store,employeeID) VALUES ('696-64-3538','Erik','Jarrette','$14.37',3,'86-4615517');
INSERT INTO Employees(ssn,first_name,last_name,hourly_wage,home_store,employeeID) VALUES ('517-55-3790','Dmitri','Sidebotham','$18.15',4,'79-9371809');
INSERT INTO Employees(ssn,first_name,last_name,hourly_wage,home_store,employeeID) VALUES ('859-69-9920','Inness','Kilmary','$16.00',6,'69-1158643');
INSERT INTO Employees(ssn,first_name,last_name,hourly_wage,home_store,employeeID) VALUES ('516-82-2586','Brittany','Faulkner','$14.75',3,'07-5668614');
INSERT INTO Employees(ssn,first_name,last_name,hourly_wage,home_store,employeeID) VALUES ('350-72-5281','Tawsha','Harrell','$15.15',5,'88-2204642');
INSERT INTO Employees(ssn,first_name,last_name,hourly_wage,home_store,employeeID) VALUES ('173-75-6972','Hermione','Wace','$14.56',1,'15-9762391');
INSERT INTO Employees(ssn,first_name,last_name,hourly_wage,home_store,employeeID) VALUES ('288-56-8013','Emeline','Page','$15.56',5,'02-5840939');
INSERT INTO Employees(ssn,first_name,last_name,hourly_wage,home_store,employeeID) VALUES ('178-59-6753','Rosalie','Lotze','$15.82',2,'53-3644042');
INSERT INTO Employees(ssn,first_name,last_name,hourly_wage,home_store,employeeID) VALUES ('556-16-0755','Grover','Moryson','$19.58',1,'89-0065995');
INSERT INTO Employees(ssn,first_name,last_name,hourly_wage,home_store,employeeID) VALUES ('772-66-4605','Lutero','Keyser','$16.04',4,'42-2915522');
INSERT INTO Employees(ssn,first_name,last_name,hourly_wage,home_store,employeeID) VALUES ('579-32-7429','Miof mela','O''Lynn','$19.80',8,'37-0516497');
INSERT INTO Employees(ssn,first_name,last_name,hourly_wage,home_store,employeeID) VALUES ('708-57-6008','Trixi','O''Grogane','$19.56',7,'63-3002945');
INSERT INTO Employees(ssn,first_name,last_name,hourly_wage,home_store,employeeID) VALUES ('897-57-1628','Winona','Bewfield','$18.09',4,'09-3246015');
INSERT INTO Employees(ssn,first_name,last_name,hourly_wage,home_store,employeeID) VALUES ('326-75-1461','Jenna','Screaton','$14.35',1,'61-1925318');
INSERT INTO Employees(ssn,first_name,last_name,hourly_wage,home_store,employeeID) VALUES ('376-88-8933','Pam','Govey','$19.74',2,'22-5911608');
INSERT INTO Employees(ssn,first_name,last_name,hourly_wage,home_store,employeeID) VALUES ('573-83-7987','Nettle','Yoskowitz','$18.72',8,'88-9289532');
INSERT INTO Employees(ssn,first_name,last_name,hourly_wage,home_store,employeeID) VALUES ('875-87-5977','Juan','Lockyear','$14.15',5,'63-2501683');
INSERT INTO Employees(ssn,first_name,last_name,hourly_wage,home_store,employeeID) VALUES ('640-06-3441','Laurette','Tilsley','$16.86',6,'05-8301241');
INSERT INTO Employees(ssn,first_name,last_name,hourly_wage,home_store,employeeID) VALUES ('234-58-7532','Angelina','Gadney','$17.21',8,'53-3344751');
INSERT INTO Employees(ssn,first_name,last_name,hourly_wage,home_store,employeeID) VALUES ('399-91-9001','Oralle','Plumptre','$15.01',1,'62-1714304');
INSERT INTO Employees(ssn,first_name,last_name,hourly_wage,home_store,employeeID) VALUES ('404-04-6155','Griffin','Ewles','$17.14',10,'69-7241285');
INSERT INTO Employees(ssn,first_name,last_name,hourly_wage,home_store,employeeID) VALUES ('468-13-6750','Friederike','Durnell','$17.69',5,'05-9583515');
INSERT INTO Employees(ssn,first_name,last_name,hourly_wage,home_store,employeeID) VALUES ('155-18-2433','Catherine','Emney','$19.42',9,'57-8691312');
INSERT INTO Employees(ssn,first_name,last_name,hourly_wage,home_store,employeeID) VALUES ('673-97-9637','Adeline','Rebichon','$14.26',3,'99-9544348');
INSERT INTO Employees(ssn,first_name,last_name,hourly_wage,home_store,employeeID) VALUES ('648-82-8882','Maybelle','Schroder','$14.24',1,'77-6043932');
INSERT INTO Employees(ssn,first_name,last_name,hourly_wage,home_store,employeeID) VALUES ('812-86-5978','Meg','Awin','$16.63',2,'70-0613633');
INSERT INTO Employees(ssn,first_name,last_name,hourly_wage,home_store,employeeID) VALUES ('314-18-8302','Jess','Aberkirdo','$14.19',7,'34-3952656');
INSERT INTO Employees(ssn,first_name,last_name,hourly_wage,home_store,employeeID) VALUES ('494-77-2584','Shelba','De Antoni','$15.53',10,'68-2355739');
INSERT INTO Employees(ssn,first_name,last_name,hourly_wage,home_store,employeeID) VALUES ('738-19-0220','Bella','Bridie','$16.67',5,'36-3101227');
INSERT INTO Employees(ssn,first_name,last_name,hourly_wage,home_store,employeeID) VALUES ('562-58-9673','Rochester','Pellew','$19.00',6,'11-1245184');
INSERT INTO Employees(ssn,first_name,last_name,hourly_wage,home_store,employeeID) VALUES ('770-10-6916','Lark','Leggen','$16.17',3,'79-0813221');
INSERT INTO Employees(ssn,first_name,last_name,hourly_wage,home_store,employeeID) VALUES ('437-54-5070','Wit','Witheford','$17.66',5,'99-2600475');
INSERT INTO Employees(ssn,first_name,last_name,hourly_wage,home_store,employeeID) VALUES ('346-46-3822','Jeffie','Chicchetto','$17.56',7,'95-7885409');
INSERT INTO Employees(ssn,first_name,last_name,hourly_wage,home_store,employeeID) VALUES ('282-20-3675','Jo-ann','Gristock','$14.10',8,'13-2372124');
INSERT INTO Employees(ssn,first_name,last_name,hourly_wage,home_store,employeeID) VALUES ('780-31-8598','Frederic','Shewon','$16.34',3,'36-0719839');
INSERT INTO Employees(ssn,first_name,last_name,hourly_wage,home_store,employeeID) VALUES ('776-79-1111','Dimitri','Watmore','$14.56',1,'17-5214989');
INSERT INTO Employees(ssn,first_name,last_name,hourly_wage,home_store,employeeID) VALUES ('170-51-6385','Aleta','Steart','$16.79',8,'90-5570813');
INSERT INTO Employees(ssn,first_name,last_name,hourly_wage,home_store,employeeID) VALUES ('586-63-2655','Willow','Wegenen','$14.87',1,'36-5626845');
INSERT INTO Employees(ssn,first_name,last_name,hourly_wage,home_store,employeeID) VALUES ('736-78-1933','Sheeree','Mewburn','$19.20',3,'77-4558958');
INSERT INTO Employees(ssn,first_name,last_name,hourly_wage,home_store,employeeID) VALUES ('899-23-7335','Gabbie','Losel','$19.16',7,'16-5027245');
INSERT INTO Employees(ssn,first_name,last_name,hourly_wage,home_store,employeeID) VALUES ('337-55-3880','Carlie','Braddon','$19.02',10,'29-5878611');
INSERT INTO Employees(ssn,first_name,last_name,hourly_wage,home_store,employeeID) VALUES ('416-06-5139','Guillermo','Topley','$19.53',3,'29-9802861');
INSERT INTO Employees(ssn,first_name,last_name,hourly_wage,home_store,employeeID) VALUES ('355-96-4767','Marley','Denty','$19.96',4,'29-3103182');
INSERT INTO Employees(ssn,first_name,last_name,hourly_wage,home_store,employeeID) VALUES ('830-07-5576','Arda','Henlon','$17.03',2,'65-3590415');
INSERT INTO Employees(ssn,first_name,last_name,hourly_wage,home_store,employeeID) VALUES ('630-25-3774','Katerine','Possa','$17.93',7,'71-0588950');
INSERT INTO Employees(ssn,first_name,last_name,hourly_wage,home_store,employeeID) VALUES ('766-92-8817','Jany','Shurville','$19.07',1,'66-3586258');
# 100 records
#--------------------------------------------------------------------------------------------------------------------------------------

#--------------------------------------------------------------------------------------------------------------------------------------
#
# Adding data for table 'Store_Locations'
#
INSERT INTO Store_Locations(storeID,street_address,city,state,zipcode,phone_number,manager_l_name,manager_f_name,managerID) VALUES (3,'802 Marcy Parkway','Waltham','Massachusetts',02453,'617-735-3722','Archdeacon','Vittoria','28-3922929');
INSERT INTO Store_Locations(storeID,street_address,city,state,zipcode,phone_number,manager_l_name,manager_f_name,managerID) VALUES (2,'1 Lyons Center','New Haven','Connecticut',06505,'203-877-8922','Wixey','Hastie','34-0313237');
INSERT INTO Store_Locations(storeID,street_address,city,state,zipcode,phone_number,manager_l_name,manager_f_name,managerID) VALUES (1,'83 Nevada Pass','Boston','Massachusetts',02216,'617-398-8080','Olczak','Obediah','98-9983697');
INSERT INTO Store_Locations(storeID,street_address,city,state,zipcode,phone_number,manager_l_name,manager_f_name,managerID) VALUES (4,'6 Dennis Plaza','Boston','Massachusetts',02203,'617-436-6142','Walne','Burlie','32-9466579');
INSERT INTO Store_Locations(storeID,street_address,city,state,zipcode,phone_number,manager_l_name,manager_f_name,managerID) VALUES (5,'8297 Porter Place','Montpelier','Vermont',05609,'802-432-0337','Bytheway','Tammy','54-7371997');
INSERT INTO Store_Locations(storeID,street_address,city,state,zipcode,phone_number,manager_l_name,manager_f_name,managerID) VALUES (6,'09689 Luster Plaza','Boston','Massachusetts',02163,'857-567-6126','Blaes','Cherri','79-6780795');
INSERT INTO Store_Locations(storeID,street_address,city,state,zipcode,phone_number,manager_l_name,manager_f_name,managerID) VALUES (7,'9744 Kipling Drive','Danbury','Connecticut',06816,'203-177-5203','Hurl','Casper','20-9784352');
INSERT INTO Store_Locations(storeID,street_address,city,state,zipcode,phone_number,manager_l_name,manager_f_name,managerID) VALUES (8,'9859 Lien Pass','Worcester','Massachusetts',01654,'508-467-9658','Label','Dale','64-4370084');
INSERT INTO Store_Locations(storeID,street_address,city,state,zipcode,phone_number,manager_l_name,manager_f_name,managerID) VALUES (9,'71107 Meadow Vale Avenue','Boston','Massachusetts',02208,'617-413-6013','Matyatin','Roderic','34-0682780');
INSERT INTO Store_Locations(storeID,street_address,city,state,zipcode,phone_number,manager_l_name,manager_f_name,managerID) VALUES (10,'14 Jenna Parkway','Springfield','Massachusetts',01105,'413-694-9939','Downham','Doyle','01-6455371');
# 10 records
#--------------------------------------------------------------------------------------------------------------------------------------

#--------------------------------------------------------------------------------------------------------------------------------------
#
# Adding data for table 'Company_Payroll'
#
INSERT INTO Company_Payroll(primary_storeID,total_wages,month_start_date,employeeID) VALUES (5,'$701.51','10/22/2022','36-3101227');
INSERT INTO Company_Payroll(primary_storeID,total_wages,month_start_date,employeeID) VALUES (5,'$2833.77','1/20/2023','48-8188007');
INSERT INTO Company_Payroll(primary_storeID,total_wages,month_start_date,employeeID) VALUES (9,'$1315.62','1/11/2023','77-6043932');
INSERT INTO Company_Payroll(primary_storeID,total_wages,month_start_date,employeeID) VALUES (4,'$2407.50','1/2/2023','75-6683843');
INSERT INTO Company_Payroll(primary_storeID,total_wages,month_start_date,employeeID) VALUES (9,'$975.03','11/6/2022','34-0313237');
INSERT INTO Company_Payroll(primary_storeID,total_wages,month_start_date,employeeID) VALUES (3,'$1186.08','4/13/2023','63-2501683');
INSERT INTO Company_Payroll(primary_storeID,total_wages,month_start_date,employeeID) VALUES (5,'$2412.56','10/26/2022','95-7885409');
INSERT INTO Company_Payroll(primary_storeID,total_wages,month_start_date,employeeID) VALUES (3,'$449.66','1/6/2023','86-1304837');
INSERT INTO Company_Payroll(primary_storeID,total_wages,month_start_date,employeeID) VALUES (1,'$329.79','11/21/2022','16-5027245');
INSERT INTO Company_Payroll(primary_storeID,total_wages,month_start_date,employeeID) VALUES (9,'$2024.27','12/18/2022','36-0719839');
INSERT INTO Company_Payroll(primary_storeID,total_wages,month_start_date,employeeID) VALUES (7,'$2710.78','11/21/2022','07-5668614');
INSERT INTO Company_Payroll(primary_storeID,total_wages,month_start_date,employeeID) VALUES (1,'$2971.38','12/7/2022','87-8151044');
INSERT INTO Company_Payroll(primary_storeID,total_wages,month_start_date,employeeID) VALUES (6,'$1223.47','3/24/2023','94-1044883');
INSERT INTO Company_Payroll(primary_storeID,total_wages,month_start_date,employeeID) VALUES (1,'$2026.57','3/3/2023','88-2204642');
INSERT INTO Company_Payroll(primary_storeID,total_wages,month_start_date,employeeID) VALUES (5,'$340.18','12/7/2022','31-6974243');
INSERT INTO Company_Payroll(primary_storeID,total_wages,month_start_date,employeeID) VALUES (6,'$2272.73','12/14/2022','13-4431745');
INSERT INTO Company_Payroll(primary_storeID,total_wages,month_start_date,employeeID) VALUES (10,'$2907.92','2/20/2023','15-9762391');
INSERT INTO Company_Payroll(primary_storeID,total_wages,month_start_date,employeeID) VALUES (5,'$788.12','11/25/2022','79-0813221');
INSERT INTO Company_Payroll(primary_storeID,total_wages,month_start_date,employeeID) VALUES (4,'$2934.97','3/1/2023','05-8301241');
INSERT INTO Company_Payroll(primary_storeID,total_wages,month_start_date,employeeID) VALUES (1,'$2480.72','2/12/2023','10-9579385');
INSERT INTO Company_Payroll(primary_storeID,total_wages,month_start_date,employeeID) VALUES (3,'$143.32','11/28/2022','21-2253908');
INSERT INTO Company_Payroll(primary_storeID,total_wages,month_start_date,employeeID) VALUES (2,'$875.03','3/30/2023','34-0682780');
INSERT INTO Company_Payroll(primary_storeID,total_wages,month_start_date,employeeID) VALUES (9,'$3178.97','12/25/2022','07-5668614');
INSERT INTO Company_Payroll(primary_storeID,total_wages,month_start_date,employeeID) VALUES (2,'$2996.41','2/22/2023','15-8143847');
INSERT INTO Company_Payroll(primary_storeID,total_wages,month_start_date,employeeID) VALUES (2,'$1482.50','1/12/2023','34-3952656');
INSERT INTO Company_Payroll(primary_storeID,total_wages,month_start_date,employeeID) VALUES (1,'$847.61','12/14/2022','94-1044883');
INSERT INTO Company_Payroll(primary_storeID,total_wages,month_start_date,employeeID) VALUES (4,'$1341.74','11/13/2022','28-3922929');
INSERT INTO Company_Payroll(primary_storeID,total_wages,month_start_date,employeeID) VALUES (2,'$3021.95','3/2/2023','75-3454782');
INSERT INTO Company_Payroll(primary_storeID,total_wages,month_start_date,employeeID) VALUES (10,'$1079.97','2/18/2023','32-9466579');
INSERT INTO Company_Payroll(primary_storeID,total_wages,month_start_date,employeeID) VALUES (5,'$130.49','12/21/2022','57-8691312');
INSERT INTO Company_Payroll(primary_storeID,total_wages,month_start_date,employeeID) VALUES (10,'$2487.46','2/24/2023','21-2253908');
INSERT INTO Company_Payroll(primary_storeID,total_wages,month_start_date,employeeID) VALUES (10,'$1084.20','11/5/2022','86-1304837');
INSERT INTO Company_Payroll(primary_storeID,total_wages,month_start_date,employeeID) VALUES (6,'$2383.60','2/2/2023','95-7885409');
INSERT INTO Company_Payroll(primary_storeID,total_wages,month_start_date,employeeID) VALUES (9,'$1607.70','2/6/2023','64-4370084');
INSERT INTO Company_Payroll(primary_storeID,total_wages,month_start_date,employeeID) VALUES (3,'$3031.98','1/17/2023','77-6043932');
INSERT INTO Company_Payroll(primary_storeID,total_wages,month_start_date,employeeID) VALUES (10,'$1622.41','4/1/2023','79-6780795');
INSERT INTO Company_Payroll(primary_storeID,total_wages,month_start_date,employeeID) VALUES (8,'$2873.03','11/23/2022','68-2355739');
INSERT INTO Company_Payroll(primary_storeID,total_wages,month_start_date,employeeID) VALUES (5,'$1149.34','12/14/2022','29-1338978');
INSERT INTO Company_Payroll(primary_storeID,total_wages,month_start_date,employeeID) VALUES (10,'$2089.45','1/26/2023','43-7607493');
INSERT INTO Company_Payroll(primary_storeID,total_wages,month_start_date,employeeID) VALUES (6,'$2805.55','1/3/2023','48-5825736');
INSERT INTO Company_Payroll(primary_storeID,total_wages,month_start_date,employeeID) VALUES (6,'$2991.88','2/17/2023','57-8691312');
INSERT INTO Company_Payroll(primary_storeID,total_wages,month_start_date,employeeID) VALUES (6,'$2543.94','12/29/2022','95-2802414');
INSERT INTO Company_Payroll(primary_storeID,total_wages,month_start_date,employeeID) VALUES (1,'$361.28','2/24/2023','95-2802414');
INSERT INTO Company_Payroll(primary_storeID,total_wages,month_start_date,employeeID) VALUES (8,'$2972.38','3/2/2023','10-9579385');
INSERT INTO Company_Payroll(primary_storeID,total_wages,month_start_date,employeeID) VALUES (2,'$2775.40','4/9/2023','10-9579385');
INSERT INTO Company_Payroll(primary_storeID,total_wages,month_start_date,employeeID) VALUES (1,'$1410.33','3/11/2023','45-3678910');
INSERT INTO Company_Payroll(primary_storeID,total_wages,month_start_date,employeeID) VALUES (5,'$2105.42','4/5/2023','29-1338978');
INSERT INTO Company_Payroll(primary_storeID,total_wages,month_start_date,employeeID) VALUES (2,'$2177.08','3/13/2023','76-8746171');
INSERT INTO Company_Payroll(primary_storeID,total_wages,month_start_date,employeeID) VALUES (6,'$404.99','3/4/2023','59-5455001');
INSERT INTO Company_Payroll(primary_storeID,total_wages,month_start_date,employeeID) VALUES (6,'$1419.91','10/21/2022','71-0588950');
INSERT INTO Company_Payroll(primary_storeID,total_wages,month_start_date,employeeID) VALUES (7,'$2601.71','3/10/2023','31-6974243');
INSERT INTO Company_Payroll(primary_storeID,total_wages,month_start_date,employeeID) VALUES (2,'$924.47','4/9/2023','32-9466579');
INSERT INTO Company_Payroll(primary_storeID,total_wages,month_start_date,employeeID) VALUES (2,'$1674.58','2/12/2023','13-2372124');
INSERT INTO Company_Payroll(primary_storeID,total_wages,month_start_date,employeeID) VALUES (7,'$575.24','12/19/2022','36-3101227');
INSERT INTO Company_Payroll(primary_storeID,total_wages,month_start_date,employeeID) VALUES (5,'$1387.87','1/26/2023','61-1925318');
INSERT INTO Company_Payroll(primary_storeID,total_wages,month_start_date,employeeID) VALUES (6,'$63.80','1/1/2023','65-3590415');
INSERT INTO Company_Payroll(primary_storeID,total_wages,month_start_date,employeeID) VALUES (7,'$2924.33','10/17/2022','16-5027245');
INSERT INTO Company_Payroll(primary_storeID,total_wages,month_start_date,employeeID) VALUES (2,'$2405.18','12/10/2022','53-3644042');
INSERT INTO Company_Payroll(primary_storeID,total_wages,month_start_date,employeeID) VALUES (3,'$1007.40','12/4/2022','34-0313237');
INSERT INTO Company_Payroll(primary_storeID,total_wages,month_start_date,employeeID) VALUES (3,'$3056.09','3/31/2023','29-1338978');
INSERT INTO Company_Payroll(primary_storeID,total_wages,month_start_date,employeeID) VALUES (5,'$1520.22','1/21/2023','99-2600475');
INSERT INTO Company_Payroll(primary_storeID,total_wages,month_start_date,employeeID) VALUES (2,'$1540.95','3/27/2023','29-1338978');
INSERT INTO Company_Payroll(primary_storeID,total_wages,month_start_date,employeeID) VALUES (4,'$3159.84','10/21/2022','23-6730628');
INSERT INTO Company_Payroll(primary_storeID,total_wages,month_start_date,employeeID) VALUES (8,'$2978.59','2/9/2023','45-3382752');
INSERT INTO Company_Payroll(primary_storeID,total_wages,month_start_date,employeeID) VALUES (3,'$574.48','11/5/2022','48-5825736');
INSERT INTO Company_Payroll(primary_storeID,total_wages,month_start_date,employeeID) VALUES (1,'$689.84','4/4/2023','88-9289532');
INSERT INTO Company_Payroll(primary_storeID,total_wages,month_start_date,employeeID) VALUES (2,'$194.00','12/12/2022','16-9401669');
INSERT INTO Company_Payroll(primary_storeID,total_wages,month_start_date,employeeID) VALUES (3,'$1888.15','12/24/2022','94-1044883');
INSERT INTO Company_Payroll(primary_storeID,total_wages,month_start_date,employeeID) VALUES (2,'$2279.26','1/21/2023','98-3727183');
INSERT INTO Company_Payroll(primary_storeID,total_wages,month_start_date,employeeID) VALUES (5,'$1191.19','11/6/2022','05-8301241');
INSERT INTO Company_Payroll(primary_storeID,total_wages,month_start_date,employeeID) VALUES (6,'$2891.23','4/17/2023','36-0719839');
INSERT INTO Company_Payroll(primary_storeID,total_wages,month_start_date,employeeID) VALUES (9,'$3016.81','3/27/2023','92-6438571');
INSERT INTO Company_Payroll(primary_storeID,total_wages,month_start_date,employeeID) VALUES (2,'$2533.92','1/15/2023','61-1925318');
INSERT INTO Company_Payroll(primary_storeID,total_wages,month_start_date,employeeID) VALUES (6,'$2109.26','2/4/2023','47-3258173');
INSERT INTO Company_Payroll(primary_storeID,total_wages,month_start_date,employeeID) VALUES (5,'$1807.51','1/13/2023','59-1017708');
INSERT INTO Company_Payroll(primary_storeID,total_wages,month_start_date,employeeID) VALUES (7,'$2300.58','12/11/2022','63-3002945');
INSERT INTO Company_Payroll(primary_storeID,total_wages,month_start_date,employeeID) VALUES (3,'$1807.01','1/4/2023','99-2600475');
INSERT INTO Company_Payroll(primary_storeID,total_wages,month_start_date,employeeID) VALUES (7,'$2728.21','1/16/2023','31-6974243');
INSERT INTO Company_Payroll(primary_storeID,total_wages,month_start_date,employeeID) VALUES (8,'$1601.22','11/8/2022','99-9544348');
INSERT INTO Company_Payroll(primary_storeID,total_wages,month_start_date,employeeID) VALUES (3,'$953.87','1/9/2023','97-7364841');
INSERT INTO Company_Payroll(primary_storeID,total_wages,month_start_date,employeeID) VALUES (9,'$2370.32','4/7/2023','57-5229374');
INSERT INTO Company_Payroll(primary_storeID,total_wages,month_start_date,employeeID) VALUES (3,'$2659.53','1/14/2023','53-3644042');
INSERT INTO Company_Payroll(primary_storeID,total_wages,month_start_date,employeeID) VALUES (5,'$916.92','2/16/2023','62-1714304');
INSERT INTO Company_Payroll(primary_storeID,total_wages,month_start_date,employeeID) VALUES (6,'$85.17','11/29/2022','62-1714304');
INSERT INTO Company_Payroll(primary_storeID,total_wages,month_start_date,employeeID) VALUES (3,'$147.54','10/23/2022','58-4513235');
INSERT INTO Company_Payroll(primary_storeID,total_wages,month_start_date,employeeID) VALUES (8,'$726.03','2/18/2023','61-1925318');
INSERT INTO Company_Payroll(primary_storeID,total_wages,month_start_date,employeeID) VALUES (8,'$1418.13','11/28/2022','42-2915522');
INSERT INTO Company_Payroll(primary_storeID,total_wages,month_start_date,employeeID) VALUES (7,'$2502.66','12/7/2022','12-5951356');
INSERT INTO Company_Payroll(primary_storeID,total_wages,month_start_date,employeeID) VALUES (10,'$1147.94','12/24/2022','10-9579385');
INSERT INTO Company_Payroll(primary_storeID,total_wages,month_start_date,employeeID) VALUES (7,'$1942.59','4/5/2023','38-1793957');
INSERT INTO Company_Payroll(primary_storeID,total_wages,month_start_date,employeeID) VALUES (10,'$1911.45','3/27/2023','38-1793957');
INSERT INTO Company_Payroll(primary_storeID,total_wages,month_start_date,employeeID) VALUES (10,'$996.50','12/23/2022','45-3678910');
INSERT INTO Company_Payroll(primary_storeID,total_wages,month_start_date,employeeID) VALUES (9,'$286.25','1/2/2023','47-3258173');
INSERT INTO Company_Payroll(primary_storeID,total_wages,month_start_date,employeeID) VALUES (8,'$1739.72','11/9/2022','38-1793957');
INSERT INTO Company_Payroll(primary_storeID,total_wages,month_start_date,employeeID) VALUES (8,'$2847.06','12/23/2022','61-1925318');
INSERT INTO Company_Payroll(primary_storeID,total_wages,month_start_date,employeeID) VALUES (3,'$2550.03','11/1/2022','89-9060625');
INSERT INTO Company_Payroll(primary_storeID,total_wages,month_start_date,employeeID) VALUES (10,'$2615.59','3/18/2023','47-3258173');
INSERT INTO Company_Payroll(primary_storeID,total_wages,month_start_date,employeeID) VALUES (8,'$1705.94','1/3/2023','34-0682780');
INSERT INTO Company_Payroll(primary_storeID,total_wages,month_start_date,employeeID) VALUES (1,'$862.46','11/15/2022','23-6730628');
INSERT INTO Company_Payroll(primary_storeID,total_wages,month_start_date,employeeID) VALUES (4,'$1136.26','3/21/2023','37-0516497');
INSERT INTO Company_Payroll(primary_storeID,total_wages,month_start_date,employeeID) VALUES (2,'$1937.36','2/18/2023','82-7015989');
# 100 records
#--------------------------------------------------------------------------------------------------------------------------------------

#--------------------------------------------------------------------------------------------------------------------------------------
#
# Adding data for table 'Products'
#
INSERT INTO Products(productID,name,price,milk_type) VALUES (1,'Sams Sensational Soy Milk',5.59,'Soy');
INSERT INTO Products(productID,name,price,milk_type) VALUES (2,'Als Awesome Almond Milk',4.45,'Almond');
INSERT INTO Products(productID,name,price,milk_type) VALUES (3,'Oaks Outstanding Oat Milk',3.55,'Oat');
INSERT INTO Products(productID,name,price,milk_type) VALUES (4,'Hanks Happy Hemp Milk',7.65,'Hemp');
INSERT INTO Products(productID,name,price,milk_type) VALUES (5,'Fionas Funny Flax Milk',8.05,'Flax');
INSERT INTO Products(productID,name,price,milk_type) VALUES (6,'Cocos Crazy Coconut Milk',5.59,'Coconut');
INSERT INTO Products(productID,name,price,milk_type) VALUES (7,'Rais Rad Rice Milk',4.45,'Rice');
INSERT INTO Products(productID,name,price,milk_type) VALUES (8,'Cassies Cool Cashew Milk',3.55,'Cashew');
INSERT INTO Products(productID,name,price,milk_type) VALUES (9,'Miltons Mad Macadamia Milk',7.65,'Macadamia');
INSERT INTO Products(productID,name,price,milk_type) VALUES (10,'Quintons Quiet Quinoa Milk',8.05,'Quinoa');
INSERT INTO Products(productID,name,price,milk_type) VALUES (11,'Pattys Positive Potato Milk',5.59,'Potato');
INSERT INTO Products(productID,name,price,milk_type) VALUES (12,'Patricias Paranormal Pea Milk',4.45,'Pea');
INSERT INTO Products(productID,name,price,milk_type) VALUES (13,'Hazels Hazel Hazelnut Milk',3.55,'Hazelnut');
INSERT INTO Products(productID,name,price,milk_type) VALUES (14,'Tims Tasty Tiger Nut Milk',7.65,'Tiger nut');
INSERT INTO Products(productID,name,price,milk_type) VALUES (15,'Wallys Wild Walnut Milk',8.05,'Walnut');
INSERT INTO Products(productID,name,price,milk_type) VALUES (16,'Chloes Cool Chia Seed Milk',5.59,'Chia Seed');
INSERT INTO Products(productID,name,price,milk_type) VALUES (17,'Sophias Super Soy Milk',4.45,'Soy');
INSERT INTO Products(productID,name,price,milk_type) VALUES (18,'Avas Amazing Almond Milk',3.55,'Almond');
INSERT INTO Products(productID,name,price,milk_type) VALUES (19,'Olivias Outrageous Oat Milk',7.65,'Oat');
INSERT INTO Products(productID,name,price,milk_type) VALUES (20,'Hannahs Hallowed Hemp Milk',8.05,'Hemp');
INSERT INTO Products(productID,name,price,milk_type) VALUES (21,'Fernandos Fierce Flax Milk',5.59,'Flax');
INSERT INTO Products(productID,name,price,milk_type) VALUES (22,'Celias Caring Coconut Milk',4.45,'Coconut');
INSERT INTO Products(productID,name,price,milk_type) VALUES (23,'Rosies Real Rice Milk',3.55,'Rice');
INSERT INTO Products(productID,name,price,milk_type) VALUES (24,'Carlis Classic Cashew Milk',7.65,'Cashew');
INSERT INTO Products(productID,name,price,milk_type) VALUES (25,'Madelines Magic Macadamia Milk',8.05,'Macadamia');
INSERT INTO Products(productID,name,price,milk_type) VALUES (26,'Quinns Quirky Quinoa Milk',5.59,'Quinoa');
INSERT INTO Products(productID,name,price,milk_type) VALUES (27,'Paulines Posh Potato Milk',4.45,'Potato');
INSERT INTO Products(productID,name,price,milk_type) VALUES (28,'Penelopes Persistent Pea Milk',3.55,'Pea');
INSERT INTO Products(productID,name,price,milk_type) VALUES (29,'Haileys Healthy Hazelnut Milk',7.65,'Hazelnut');
INSERT INTO Products(productID,name,price,milk_type) VALUES (30,'Theos Terrific Tiger Nut Milk',8.05,'Tiger nut');
INSERT INTO Products(productID,name,price,milk_type) VALUES (31,'Willows Wonderful Walnut Milk',5.59,'Walnut');
INSERT INTO Products(productID,name,price,milk_type) VALUES (32,'Claires Classic Chia Seed Milk',4.45,'Chia Seed');
INSERT INTO Products(productID,name,price,milk_type) VALUES (33,'Sallys Super Soy Milk',3.55,'Soy');
INSERT INTO Products(productID,name,price,milk_type) VALUES (34,'Alexs Affordable Almond Milk',7.65,'Almond');
INSERT INTO Products(productID,name,price,milk_type) VALUES (35,'Owens Opulent Oat Milk',8.05,'Oat');
INSERT INTO Products(productID,name,price,milk_type) VALUES (36,'Halleys Hardy Hemp Milk',5.59,'Hemp');
INSERT INTO Products(productID,name,price,milk_type) VALUES (37,'Felixs Fire Flax Milk',4.45,'Flax');
INSERT INTO Products(productID,name,price,milk_type) VALUES (38,'Cynthias Creamy Coconut Milk',3.55,'Coconut');
INSERT INTO Products(productID,name,price,milk_type) VALUES (39,'Roses Rad Rice Milk',7.65,'Rice');
INSERT INTO Products(productID,name,price,milk_type) VALUES (40,'Charles Combative Cashew Milk',8.05,'Cashew');
INSERT INTO Products(productID,name,price,milk_type) VALUES (41,'Maddies Moist Macadamia Milk',5.59,'Macadamia');
INSERT INTO Products(productID,name,price,milk_type) VALUES (42,'Quillams Quaint Quinoa Milk',4.45,'Quinoa');
INSERT INTO Products(productID,name,price,milk_type) VALUES (43,'Paiges Popular Potato Milk',3.55,'Potato');
INSERT INTO Products(productID,name,price,milk_type) VALUES (44,'Pats Persistent Pea Milk',7.65,'Pea');
INSERT INTO Products(productID,name,price,milk_type) VALUES (45,'Harolds Hasty Hazelnut Milk',8.05,'Hazelnut');
# 45 records
#--------------------------------------------------------------------------------------------------------------------------------------

#--------------------------------------------------------------------------------------------------------------------------------------
#
# Adding data for table 'Discounts'
#
INSERT INTO Discounts(start_date,end_date,percent_off,discount_code) VALUES ('2023-03-01 13:38:23','2022-10-24 13:30:59',14,'L35154R0');
INSERT INTO Discounts(start_date,end_date,percent_off,discount_code) VALUES ('2023-01-20 19:25:17','2022-12-26 00:26:02',0,'N0U6LC5Y');
INSERT INTO Discounts(start_date,end_date,percent_off,discount_code) VALUES ('2022-11-30 08:15:23','2023-01-17 03:14:23',5,'FKQA3SH1');
INSERT INTO Discounts(start_date,end_date,percent_off,discount_code) VALUES ('2022-12-09 23:19:58','2023-04-05 18:53:46',24,'ZC0Q2UD5');
INSERT INTO Discounts(start_date,end_date,percent_off,discount_code) VALUES ('2023-01-16 20:40:18','2023-01-30 01:59:37',30,'8N134BTE');
INSERT INTO Discounts(start_date,end_date,percent_off,discount_code) VALUES ('2023-04-04 06:52:15','2022-12-05 12:42:11',12,'6MN392BM');
INSERT INTO Discounts(start_date,end_date,percent_off,discount_code) VALUES ('2022-11-13 14:00:00','2023-01-08 22:48:35',13,'0RB9WMEO');
INSERT INTO Discounts(start_date,end_date,percent_off,discount_code) VALUES ('2023-04-14 17:30:34','2023-02-15 08:28:38',9,'FSKRXQIP');
INSERT INTO Discounts(start_date,end_date,percent_off,discount_code) VALUES ('2023-01-26 16:03:51','2022-11-12 13:29:33',16,'CLGL2QUW');
INSERT INTO Discounts(start_date,end_date,percent_off,discount_code) VALUES ('2023-02-18 00:06:57','2023-02-02 02:33:27',11,'2PHTVBDA');
INSERT INTO Discounts(start_date,end_date,percent_off,discount_code) VALUES ('2022-11-26 23:52:26','2023-01-31 10:16:09',21,'0PEUQQ2X');
INSERT INTO Discounts(start_date,end_date,percent_off,discount_code) VALUES ('2023-03-30 23:21:10','2023-04-02 12:00:42',20,'9CSSKKKR');
INSERT INTO Discounts(start_date,end_date,percent_off,discount_code) VALUES ('2023-01-04 22:38:53','2022-11-13 15:04:34',12,'LST7OI7T');
INSERT INTO Discounts(start_date,end_date,percent_off,discount_code) VALUES ('2022-12-25 05:07:55','2022-12-03 20:58:10',15,'8I8X6MG7');
INSERT INTO Discounts(start_date,end_date,percent_off,discount_code) VALUES ('2023-03-03 21:57:54','2022-10-22 05:44:59',12,'Z4OFCQF0');
# 15 records
#--------------------------------------------------------------------------------------------------------------------------------------

#--------------------------------------------------------------------------------------------------------------------------------------
#
# Adding data for table 'Disc_Prod'
#
INSERT INTO Disc_Prod(discount_code,productID) VALUES ('L35154R0',1);
INSERT INTO Disc_Prod(discount_code,productID) VALUES ('N0U6LC5Y',2);
INSERT INTO Disc_Prod(discount_code,productID) VALUES ('FKQA3SH1',3);
INSERT INTO Disc_Prod(discount_code,productID) VALUES ('ZC0Q2UD5',4);
INSERT INTO Disc_Prod(discount_code,productID) VALUES ('8N134BTE',5);
INSERT INTO Disc_Prod(discount_code,productID) VALUES ('6MN392BM',6);
INSERT INTO Disc_Prod(discount_code,productID) VALUES ('0RB9WMEO',7);
INSERT INTO Disc_Prod(discount_code,productID) VALUES ('FSKRXQIP',8);
INSERT INTO Disc_Prod(discount_code,productID) VALUES ('CLGL2QUW',9);
INSERT INTO Disc_Prod(discount_code,productID) VALUES ('2PHTVBDA',10);
INSERT INTO Disc_Prod(discount_code,productID) VALUES ('0PEUQQ2X',11);
INSERT INTO Disc_Prod(discount_code,productID) VALUES ('9CSSKKKR',12);
INSERT INTO Disc_Prod(discount_code,productID) VALUES ('LST7OI7T',13);
INSERT INTO Disc_Prod(discount_code,productID) VALUES ('8I8X6MG7',14);
INSERT INTO Disc_Prod(discount_code,productID) VALUES ('Z4OFCQF0',15);
# 15 records
#--------------------------------------------------------------------------------------------------------------------------------------

#--------------------------------------------------------------------------------------------------------------------------------------
#
# Adding data for table 'Customers'
#
INSERT INTO Customers(customer_id,email,last_name,first_name,phone_num,payment_info,primary_store_id,street_address,city,state,zipcode) VALUES (1,'lwernher0@geocities.com','Wernher','Lesya','413-812-9515','5048378810034267',7,'081 Mesta Parkway','Springfield','Massachusetts',01105);
INSERT INTO Customers(customer_id,email,last_name,first_name,phone_num,payment_info,primary_store_id,street_address,city,state,zipcode) VALUES (2,'fosgarby1@studiopress.com','Osgarby','Frannie','203-365-9740','5048370285348181',2,'74016 Park Meadow Pass','Bridgeport','Connecticut',06606);
INSERT INTO Customers(customer_id,email,last_name,first_name,phone_num,payment_info,primary_store_id,street_address,city,state,zipcode) VALUES (3,'lbichener2@irs.gov','Bichener','Luciano','203-805-6719','5048371774026353',10,'90417 Fulton Park','New Haven','Connecticut',06538);
INSERT INTO Customers(customer_id,email,last_name,first_name,phone_num,payment_info,primary_store_id,street_address,city,state,zipcode) VALUES (4,'lhucks3@parallels.com','Hucks','Lauritz','860-291-4555','5108750695321661',9,'452 Stang Park','Hartford','Connecticut',06140);
INSERT INTO Customers(customer_id,email,last_name,first_name,phone_num,payment_info,primary_store_id,street_address,city,state,zipcode) VALUES (5,'nadney4@sohu.com','Adney','Nancie','508-221-7226','5048374873594461',8,'3367 Meadow Vale Crossing','Worcester','Massachusetts',01605);
INSERT INTO Customers(customer_id,email,last_name,first_name,phone_num,payment_info,primary_store_id,street_address,city,state,zipcode) VALUES (6,'cloney5@gov.uk','Loney','Claribel','203-739-3893','5108754745635682',1,'168 Ridgeview Trail','Norwalk','Connecticut',06859);
INSERT INTO Customers(customer_id,email,last_name,first_name,phone_num,payment_info,primary_store_id,street_address,city,state,zipcode) VALUES (7,'acoupman6@paginegialle.it','Coupman','Ashla','617-902-0652','5048376822998933',3,'0 Clemons Place','Boston','Massachusetts',02119);
INSERT INTO Customers(customer_id,email,last_name,first_name,phone_num,payment_info,primary_store_id,street_address,city,state,zipcode) VALUES (8,'bredier7@pagesperso-orange.fr','Redier','Brodie','203-723-7823','5048373040850616',1,'74007 Schurz Circle','Waterbury','Connecticut',06726);
INSERT INTO Customers(customer_id,email,last_name,first_name,phone_num,payment_info,primary_store_id,street_address,city,state,zipcode) VALUES (9,'bseczyk8@hugedomains.com','Seczyk','Bibby','774-300-3347','5048378146512622',5,'685 Esch Drive','Worcester','Massachusetts',01610);
INSERT INTO Customers(customer_id,email,last_name,first_name,phone_num,payment_info,primary_store_id,street_address,city,state,zipcode) VALUES (10,'afilyukov9@berkeley.edu','Filyukov','Alyss','774-264-8672','5048374774815395',8,'27108 Carioca Plaza','Worcester','Massachusetts',01610);
INSERT INTO Customers(customer_id,email,last_name,first_name,phone_num,payment_info,primary_store_id,street_address,city,state,zipcode) VALUES (11,'mtolworthiea@cbc.ca','Tolworthie','Mayor','617-624-1150','5108759502750517',7,'9 Cherokee Terrace','Boston','Massachusetts',02124);
INSERT INTO Customers(customer_id,email,last_name,first_name,phone_num,payment_info,primary_store_id,street_address,city,state,zipcode) VALUES (12,'npammentb@last.fm','Pamment','Norman','802-887-8574','5108751328761307',10,'34 Iowa Center','Montpelier','Vermont',05609);
INSERT INTO Customers(customer_id,email,last_name,first_name,phone_num,payment_info,primary_store_id,street_address,city,state,zipcode) VALUES (13,'ivaterc@imageshack.us','Vater','Irma','413-362-4719','5048373417116559',4,'3163 Evergreen Point','Springfield','Massachusetts',01114);
INSERT INTO Customers(customer_id,email,last_name,first_name,phone_num,payment_info,primary_store_id,street_address,city,state,zipcode) VALUES (14,'icarrivickd@ca.gov','Carrivick','Inna','203-855-9073','5108750091988782',8,'9731 Morrow Circle','New Haven','Connecticut',06520);
INSERT INTO Customers(customer_id,email,last_name,first_name,phone_num,payment_info,primary_store_id,street_address,city,state,zipcode) VALUES (15,'bkemblee@odnoklassniki.ru','Kemble','Bellanca','203-234-2109','5048375257522705',9,'49678 Bayside Court','Waterbury','Connecticut',06726);
INSERT INTO Customers(customer_id,email,last_name,first_name,phone_num,payment_info,primary_store_id,street_address,city,state,zipcode) VALUES (16,'asnellmanf@webmd.com','Snellman','Alexandro','978-103-3379','5108757825230662',9,'9 Tennessee Parkway','Watertown','Massachusetts',02472);
INSERT INTO Customers(customer_id,email,last_name,first_name,phone_num,payment_info,primary_store_id,street_address,city,state,zipcode) VALUES (17,'ochasmerg@paginegialle.it','Chasmer','Octavius','203-605-2358','5108759603780231',7,'336 Debra Parkway','New Haven','Connecticut',06538);
INSERT INTO Customers(customer_id,email,last_name,first_name,phone_num,payment_info,primary_store_id,street_address,city,state,zipcode) VALUES (18,'fhadinghamh@vk.com','Hadingham','Fonzie','413-872-8646','5048378454099311',3,'176 Carberry Drive','Springfield','Massachusetts',01105);
INSERT INTO Customers(customer_id,email,last_name,first_name,phone_num,payment_info,primary_store_id,street_address,city,state,zipcode) VALUES (19,'gwebbei@theguardian.com','Webbe','Graig','413-618-3176','5108757524405466',1,'5 Golf Course Road','Springfield','Massachusetts',01114);
INSERT INTO Customers(customer_id,email,last_name,first_name,phone_num,payment_info,primary_store_id,street_address,city,state,zipcode) VALUES (20,'dgorglj@bravesites.com','Gorgl','Doe','860-633-2310','5108758509956762',9,'4308 Lukken Road','Hartford','Connecticut',06152);
INSERT INTO Customers(customer_id,email,last_name,first_name,phone_num,payment_info,primary_store_id,street_address,city,state,zipcode) VALUES (21,'lcolleyk@soup.io','Colley','Lancelot','603-764-0024','5048376748800213',7,'9875 Algoma Park','Manchester','New Hampshire',03105);
INSERT INTO Customers(customer_id,email,last_name,first_name,phone_num,payment_info,primary_store_id,street_address,city,state,zipcode) VALUES (22,'sstidstonl@hugedomains.com','Stidston','Skipp','617-830-1375','5108751887536306',4,'80601 Lighthouse Bay Street','Boston','Massachusetts',02216);
INSERT INTO Customers(customer_id,email,last_name,first_name,phone_num,payment_info,primary_store_id,street_address,city,state,zipcode) VALUES (23,'acordallm@hao123.com','Cordall','Allin','860-390-5313','5108753635734951',3,'218 Mcbride Court','West Hartford','Connecticut',06127);
INSERT INTO Customers(customer_id,email,last_name,first_name,phone_num,payment_info,primary_store_id,street_address,city,state,zipcode) VALUES (24,'ileathesn@wired.com','Leathes','Illa','617-225-8777','5048378742496493',7,'24 Quincy Park','Boston','Massachusetts',02216);
INSERT INTO Customers(customer_id,email,last_name,first_name,phone_num,payment_info,primary_store_id,street_address,city,state,zipcode) VALUES (25,'afryerso@sbwire.com','Fryers','Archaimbaud','203-531-6536','5108750002834133',1,'0 Utah Plaza','New Haven','Connecticut',06533);
INSERT INTO Customers(customer_id,email,last_name,first_name,phone_num,payment_info,primary_store_id,street_address,city,state,zipcode) VALUES (26,'lmatiebep@feedburner.com','Matiebe','Luigi','603-622-4936','5048379258743674',10,'10116 High Crossing Lane','Portsmouth','New Hampshire',00214);
INSERT INTO Customers(customer_id,email,last_name,first_name,phone_num,payment_info,primary_store_id,street_address,city,state,zipcode) VALUES (27,'jduigedq@zdnet.com','Duiged','Jobina','203-288-9212','5108754264097314',4,'57527 Sommers Avenue','New Haven','Connecticut',06510);
INSERT INTO Customers(customer_id,email,last_name,first_name,phone_num,payment_info,primary_store_id,street_address,city,state,zipcode) VALUES (28,'nchrippesr@yahoo.co.jp','Chrippes','Nicol','413-661-7500','5108750560865990',3,'135 1st Court','Springfield','Massachusetts',01114);
INSERT INTO Customers(customer_id,email,last_name,first_name,phone_num,payment_info,primary_store_id,street_address,city,state,zipcode) VALUES (29,'jmathets@sogou.com','Mathet','Jocelyne','508-294-2850','5048372126145222',4,'5564 Sunfield Lane','Boston','Massachusetts',02119);
INSERT INTO Customers(customer_id,email,last_name,first_name,phone_num,payment_info,primary_store_id,street_address,city,state,zipcode) VALUES (30,'nteresset@flickr.com','Teresse','Nicolea','203-620-1835','5108758218345620',8,'313 Dryden Lane','Waterbury','Connecticut',06726);
INSERT INTO Customers(customer_id,email,last_name,first_name,phone_num,payment_info,primary_store_id,street_address,city,state,zipcode) VALUES (31,'jhigganu@xinhuanet.com','Higgan','Jacquie','860-785-7168','5108752693246254',8,'2990 5th Parkway','Hartford','Connecticut',06183);
INSERT INTO Customers(customer_id,email,last_name,first_name,phone_num,payment_info,primary_store_id,street_address,city,state,zipcode) VALUES (32,'hdrakardv@google.cn','Drakard','Helena','203-806-2796','5108750636799991',6,'6252 Mifflin Avenue','Fairfield','Connecticut',06825);
INSERT INTO Customers(customer_id,email,last_name,first_name,phone_num,payment_info,primary_store_id,street_address,city,state,zipcode) VALUES (33,'pdownerw@cisco.com','Downer','Phil','978-472-2029','5048374631027846',1,'1024 Lindbergh Way','Boston','Massachusetts',02283);
INSERT INTO Customers(customer_id,email,last_name,first_name,phone_num,payment_info,primary_store_id,street_address,city,state,zipcode) VALUES (34,'gcornfordx@netvibes.com','Cornford','Gradeigh','318-569-9058','5108753340169352',5,'454 Graedel Junction','Boston','Massachusetts',02104);
INSERT INTO Customers(customer_id,email,last_name,first_name,phone_num,payment_info,primary_store_id,street_address,city,state,zipcode) VALUES (35,'llockitty@auda.org.au','Lockitt','Luce','413-623-3667','5048378455829468',2,'8244 Delladonna Plaza','Springfield','Massachusetts',01105);
INSERT INTO Customers(customer_id,email,last_name,first_name,phone_num,payment_info,primary_store_id,street_address,city,state,zipcode) VALUES (36,'ybraderz@usa.gov','Brader','Ynez','603-310-7610','5108757302898296',4,'045 Miller Place','Manchester','New Hampshire',03105);
INSERT INTO Customers(customer_id,email,last_name,first_name,phone_num,payment_info,primary_store_id,street_address,city,state,zipcode) VALUES (37,'bbixley10@wired.com','Bixley','Beniamino','978-429-1280','5108756924359307',2,'32 Knutson Lane','Boston','Massachusetts',02119);
INSERT INTO Customers(customer_id,email,last_name,first_name,phone_num,payment_info,primary_store_id,street_address,city,state,zipcode) VALUES (38,'kdegregario11@seesaa.net','De Gregario','Kit','413-266-4204','5048370395843089',9,'46 Mandrake Drive','Springfield','Massachusetts',01105);
INSERT INTO Customers(customer_id,email,last_name,first_name,phone_num,payment_info,primary_store_id,street_address,city,state,zipcode) VALUES (39,'dbrendeke12@usa.gov','Brendeke','Davina','508-288-4690','5108752256675352',7,'46955 Mandrake Drive','New Bedford','Massachusetts',02745);
INSERT INTO Customers(customer_id,email,last_name,first_name,phone_num,payment_info,primary_store_id,street_address,city,state,zipcode) VALUES (40,'paubrun13@gov.uk','Aubrun','Penelopa','318-938-2570','5048374195071198',6,'51561 Bluestem Point','Boston','Massachusetts',02104);
INSERT INTO Customers(customer_id,email,last_name,first_name,phone_num,payment_info,primary_store_id,street_address,city,state,zipcode) VALUES (41,'stailby14@gnu.org','Tailby','Shaun','508-522-6291','5108754479774772',7,'10891 Orin Circle','Worcester','Massachusetts',01610);
INSERT INTO Customers(customer_id,email,last_name,first_name,phone_num,payment_info,primary_store_id,street_address,city,state,zipcode) VALUES (42,'maird15@huffingtonpost.com','Aird','Margeaux','617-262-3345','5108758961593616',9,'78 Dwight Street','Boston','Massachusetts',02298);
INSERT INTO Customers(customer_id,email,last_name,first_name,phone_num,payment_info,primary_store_id,street_address,city,state,zipcode) VALUES (43,'lweatherley16@tripadvisor.com','Weatherley','Luisa','413-477-9075','5048373823176213',1,'64515 Schurz Crossing','Springfield','Massachusetts',01105);
INSERT INTO Customers(customer_id,email,last_name,first_name,phone_num,payment_info,primary_store_id,street_address,city,state,zipcode) VALUES (44,'ebonallick17@stanford.edu','Bonallick','Erv','860-984-4175','5108751941543264',10,'1 Nova Lane','Hartford','Connecticut',06183);
INSERT INTO Customers(customer_id,email,last_name,first_name,phone_num,payment_info,primary_store_id,street_address,city,state,zipcode) VALUES (45,'sblakemore18@youku.com','Blakemore','Sam','781-548-0209','5048376802958774',2,'42097 Talmadge Street','Lynn','Massachusetts',01905);
INSERT INTO Customers(customer_id,email,last_name,first_name,phone_num,payment_info,primary_store_id,street_address,city,state,zipcode) VALUES (46,'bkores19@businessweek.com','Kores','Bibi','203-203-4023','5108753749636829',8,'0 Melrose Terrace','Waterbury','Connecticut',06721);
INSERT INTO Customers(customer_id,email,last_name,first_name,phone_num,payment_info,primary_store_id,street_address,city,state,zipcode) VALUES (47,'sosband1a@elpais.com','Osband','Scarface','413-608-2965','5048373285503995',7,'6 Beilfuss Road','Springfield','Massachusetts',01105);
INSERT INTO Customers(customer_id,email,last_name,first_name,phone_num,payment_info,primary_store_id,street_address,city,state,zipcode) VALUES (48,'idrews1b@zimbio.com','Drews','Iain','603-729-5613','5048375919869882',6,'930 Di Loreto Circle','Portsmouth','New Hampshire',03804);
INSERT INTO Customers(customer_id,email,last_name,first_name,phone_num,payment_info,primary_store_id,street_address,city,state,zipcode) VALUES (49,'bnudd1c@edublogs.org','Nudd','Benn','617-152-0744','5108759277712601',9,'6 Clarendon Trail','Boston','Massachusetts',02216);
INSERT INTO Customers(customer_id,email,last_name,first_name,phone_num,payment_info,primary_store_id,street_address,city,state,zipcode) VALUES (50,'jwehner1d@shop-pro.jp','Wehner','Jolie','203-848-8948','5108753633722271',8,'6359 Comanche Circle','Danbury','Connecticut',06816);
INSERT INTO Customers(customer_id,email,last_name,first_name,phone_num,payment_info,primary_store_id,street_address,city,state,zipcode) VALUES (51,'ehaselden1e@cyberchimps.com','Haselden','Elsbeth','617-851-0030','5108752822354359',5,'24 Spaight Junction','Boston','Massachusetts',02109);
INSERT INTO Customers(customer_id,email,last_name,first_name,phone_num,payment_info,primary_store_id,street_address,city,state,zipcode) VALUES (52,'alafrentz1f@blogspot.com','Lafrentz','Alissa','774-985-0186','5108753020185728',4,'8 Dwight Trail','Waltham','Massachusetts',02453);
INSERT INTO Customers(customer_id,email,last_name,first_name,phone_num,payment_info,primary_store_id,street_address,city,state,zipcode) VALUES (53,'gwedmore1g@odnoklassniki.ru','Wedmore','Gris','413-278-1847','5048377997562041',5,'39295 South Trail','Springfield','Massachusetts',01129);
INSERT INTO Customers(customer_id,email,last_name,first_name,phone_num,payment_info,primary_store_id,street_address,city,state,zipcode) VALUES (54,'rdeackes1h@msu.edu','Deackes','Rich','413-411-5684','5048371458027867',7,'5 Parkside Crossing','Springfield','Massachusetts',01105);
INSERT INTO Customers(customer_id,email,last_name,first_name,phone_num,payment_info,primary_store_id,street_address,city,state,zipcode) VALUES (55,'mdeniscke1i@w3.org','Deniscke','Merna','603-280-8337','5048372978159164',9,'326 Monterey Road','Portsmouth','New Hampshire',00214);
INSERT INTO Customers(customer_id,email,last_name,first_name,phone_num,payment_info,primary_store_id,street_address,city,state,zipcode) VALUES (56,'jbrittian1j@mashable.com','Brittian','Jamima','774-335-2585','5048375908783755',6,'6 Ludington Terrace','Waltham','Massachusetts',02453);
INSERT INTO Customers(customer_id,email,last_name,first_name,phone_num,payment_info,primary_store_id,street_address,city,state,zipcode) VALUES (57,'cboothebie1k@cnet.com','Boothebie','Charisse','203-753-7857','5048373559215383',1,'48 Sullivan Point','Bridgeport','Connecticut',06606);
INSERT INTO Customers(customer_id,email,last_name,first_name,phone_num,payment_info,primary_store_id,street_address,city,state,zipcode) VALUES (58,'lseller1l@pinterest.com','Seller','Lonnie','508-709-0943','5048372914976424',5,'36941 Fair Oaks Drive','Newton','Massachusetts',02162);
INSERT INTO Customers(customer_id,email,last_name,first_name,phone_num,payment_info,primary_store_id,street_address,city,state,zipcode) VALUES (59,'dmachostie1m@columbia.edu','MacHostie','Deanna','203-569-6902','5108753880969005',8,'189 Glacier Hill Hill','New Haven','Connecticut',06510);
INSERT INTO Customers(customer_id,email,last_name,first_name,phone_num,payment_info,primary_store_id,street_address,city,state,zipcode) VALUES (60,'dgledhill1n@jigsy.com','Gledhill','Demetris','617-307-7654','5108753264405337',2,'3529 Dixon Circle','Boston','Massachusetts',02119);
INSERT INTO Customers(customer_id,email,last_name,first_name,phone_num,payment_info,primary_store_id,street_address,city,state,zipcode) VALUES (61,'mdeandreis1o@msn.com','De Andreis','Min','203-437-7381','5048374317398586',10,'08181 Dexter Alley','Stamford','Connecticut',06905);
INSERT INTO Customers(customer_id,email,last_name,first_name,phone_num,payment_info,primary_store_id,street_address,city,state,zipcode) VALUES (62,'aferro1p@wired.com','Ferro','Addy','603-249-7358','5108750011027257',7,'381 Victoria Park','Portsmouth','New Hampshire',03804);
INSERT INTO Customers(customer_id,email,last_name,first_name,phone_num,payment_info,primary_store_id,street_address,city,state,zipcode) VALUES (63,'llawtie1q@irs.gov','Lawtie','Leonerd','339-418-1391','5048376226193032',4,'91865 American Place','Boston','Massachusetts',02163);
INSERT INTO Customers(customer_id,email,last_name,first_name,phone_num,payment_info,primary_store_id,street_address,city,state,zipcode) VALUES (64,'ktrangmar1r@nyu.edu','Trangmar','Korella','860-936-6264','5048375909666447',6,'684 Spenser Avenue','West Hartford','Connecticut',06127);
INSERT INTO Customers(customer_id,email,last_name,first_name,phone_num,payment_info,primary_store_id,street_address,city,state,zipcode) VALUES (65,'twathen1s@auda.org.au','Wathen','Tabbie','203-427-5989','5048371121236606',3,'493 Hintze Court','New Haven','Connecticut',06538);
INSERT INTO Customers(customer_id,email,last_name,first_name,phone_num,payment_info,primary_store_id,street_address,city,state,zipcode) VALUES (66,'lnickoles1t@tripod.com','Nickoles','Louella','339-979-0856','5108752020618852',9,'82 Hazelcrest Center','Woburn','Massachusetts',01813);
INSERT INTO Customers(customer_id,email,last_name,first_name,phone_num,payment_info,primary_store_id,street_address,city,state,zipcode) VALUES (67,'mmaccrackan1u@telegraph.co.uk','MacCrackan','Mercedes','203-124-7362','5108751467609986',1,'9 Sullivan Parkway','Hartford','Connecticut',06105);
INSERT INTO Customers(customer_id,email,last_name,first_name,phone_num,payment_info,primary_store_id,street_address,city,state,zipcode) VALUES (68,'scinnamond1v@nymag.com','Cinnamond','Stephine','508-171-2728','5108754588013740',4,'56 Cordelia Street','Worcester','Massachusetts',01605);
INSERT INTO Customers(customer_id,email,last_name,first_name,phone_num,payment_info,primary_store_id,street_address,city,state,zipcode) VALUES (69,'rmoyce1w@nasa.gov','Moyce','Reggy','617-551-1793','5108755846071750',8,'93 Dawn Trail','Boston','Massachusetts',02208);
INSERT INTO Customers(customer_id,email,last_name,first_name,phone_num,payment_info,primary_store_id,street_address,city,state,zipcode) VALUES (70,'fbolan1x@reverbnation.com','Bolan','Frederique','978-880-4349','5048372940470004',5,'900 Blackbird Street','Cambridge','Massachusetts',02142);
# 70 records
#--------------------------------------------------------------------------------------------------------------------------------------

#--------------------------------------------------------------------------------------------------------------------------------------
#
# Adding data for table 'StoreLoc_Cust'
#
INSERT INTO StoreLoc_Cust(customerID,storeID) VALUES (1,1);
INSERT INTO StoreLoc_Cust(customerID,storeID) VALUES (2,2);
INSERT INTO StoreLoc_Cust(customerID,storeID) VALUES (3,3);
INSERT INTO StoreLoc_Cust(customerID,storeID) VALUES (4,4);
INSERT INTO StoreLoc_Cust(customerID,storeID) VALUES (5,5);
INSERT INTO StoreLoc_Cust(customerID,storeID) VALUES (6,6);
INSERT INTO StoreLoc_Cust(customerID,storeID) VALUES (7,7);
INSERT INTO StoreLoc_Cust(customerID,storeID) VALUES (8,8);
INSERT INTO StoreLoc_Cust(customerID,storeID) VALUES (9,9);
INSERT INTO StoreLoc_Cust(customerID,storeID) VALUES (10,10);
INSERT INTO StoreLoc_Cust(customerID,storeID) VALUES (11,1);
INSERT INTO StoreLoc_Cust(customerID,storeID) VALUES (12,2);
INSERT INTO StoreLoc_Cust(customerID,storeID) VALUES (13,3);
INSERT INTO StoreLoc_Cust(customerID,storeID) VALUES (14,4);
INSERT INTO StoreLoc_Cust(customerID,storeID) VALUES (15,5);
INSERT INTO StoreLoc_Cust(customerID,storeID) VALUES (16,6);
INSERT INTO StoreLoc_Cust(customerID,storeID) VALUES (17,7);
INSERT INTO StoreLoc_Cust(customerID,storeID) VALUES (18,8);
INSERT INTO StoreLoc_Cust(customerID,storeID) VALUES (19,9);
INSERT INTO StoreLoc_Cust(customerID,storeID) VALUES (20,10);
INSERT INTO StoreLoc_Cust(customerID,storeID) VALUES (21,1);
INSERT INTO StoreLoc_Cust(customerID,storeID) VALUES (22,2);
INSERT INTO StoreLoc_Cust(customerID,storeID) VALUES (23,3);
INSERT INTO StoreLoc_Cust(customerID,storeID) VALUES (24,4);
INSERT INTO StoreLoc_Cust(customerID,storeID) VALUES (25,5);
INSERT INTO StoreLoc_Cust(customerID,storeID) VALUES (26,6);
INSERT INTO StoreLoc_Cust(customerID,storeID) VALUES (27,7);
INSERT INTO StoreLoc_Cust(customerID,storeID) VALUES (28,8);
INSERT INTO StoreLoc_Cust(customerID,storeID) VALUES (29,9);
INSERT INTO StoreLoc_Cust(customerID,storeID) VALUES (30,10);
INSERT INTO StoreLoc_Cust(customerID,storeID) VALUES (31,1);
INSERT INTO StoreLoc_Cust(customerID,storeID) VALUES (32,2);
INSERT INTO StoreLoc_Cust(customerID,storeID) VALUES (33,3);
INSERT INTO StoreLoc_Cust(customerID,storeID) VALUES (34,4);
INSERT INTO StoreLoc_Cust(customerID,storeID) VALUES (35,5);
INSERT INTO StoreLoc_Cust(customerID,storeID) VALUES (36,6);
INSERT INTO StoreLoc_Cust(customerID,storeID) VALUES (37,7);
INSERT INTO StoreLoc_Cust(customerID,storeID) VALUES (38,8);
INSERT INTO StoreLoc_Cust(customerID,storeID) VALUES (39,9);
INSERT INTO StoreLoc_Cust(customerID,storeID) VALUES (40,10);
INSERT INTO StoreLoc_Cust(customerID,storeID) VALUES (41,1);
INSERT INTO StoreLoc_Cust(customerID,storeID) VALUES (42,2);
INSERT INTO StoreLoc_Cust(customerID,storeID) VALUES (43,3);
INSERT INTO StoreLoc_Cust(customerID,storeID) VALUES (44,4);
INSERT INTO StoreLoc_Cust(customerID,storeID) VALUES (45,5);
INSERT INTO StoreLoc_Cust(customerID,storeID) VALUES (46,6);
INSERT INTO StoreLoc_Cust(customerID,storeID) VALUES (47,7);
INSERT INTO StoreLoc_Cust(customerID,storeID) VALUES (48,8);
INSERT INTO StoreLoc_Cust(customerID,storeID) VALUES (49,9);
INSERT INTO StoreLoc_Cust(customerID,storeID) VALUES (50,10);
INSERT INTO StoreLoc_Cust(customerID,storeID) VALUES (51,1);
INSERT INTO StoreLoc_Cust(customerID,storeID) VALUES (52,2);
INSERT INTO StoreLoc_Cust(customerID,storeID) VALUES (53,3);
INSERT INTO StoreLoc_Cust(customerID,storeID) VALUES (54,4);
INSERT INTO StoreLoc_Cust(customerID,storeID) VALUES (55,5);
INSERT INTO StoreLoc_Cust(customerID,storeID) VALUES (56,6);
INSERT INTO StoreLoc_Cust(customerID,storeID) VALUES (57,7);
INSERT INTO StoreLoc_Cust(customerID,storeID) VALUES (58,8);
INSERT INTO StoreLoc_Cust(customerID,storeID) VALUES (59,9);
INSERT INTO StoreLoc_Cust(customerID,storeID) VALUES (60,10);
INSERT INTO StoreLoc_Cust(customerID,storeID) VALUES (61,1);
INSERT INTO StoreLoc_Cust(customerID,storeID) VALUES (62,2);
INSERT INTO StoreLoc_Cust(customerID,storeID) VALUES (63,3);
INSERT INTO StoreLoc_Cust(customerID,storeID) VALUES (64,4);
INSERT INTO StoreLoc_Cust(customerID,storeID) VALUES (65,5);
INSERT INTO StoreLoc_Cust(customerID,storeID) VALUES (66,6);
INSERT INTO StoreLoc_Cust(customerID,storeID) VALUES (67,7);
INSERT INTO StoreLoc_Cust(customerID,storeID) VALUES (68,8);
INSERT INTO StoreLoc_Cust(customerID,storeID) VALUES (69,9);
INSERT INTO StoreLoc_Cust(customerID,storeID) VALUES (70,10);
# 70 records
#--------------------------------------------------------------------------------------------------------------------------------------

#--------------------------------------------------------------------------------------------------------------------------------------
#
# Adding data for table 'Location_Payroll'
#
INSERT INTO Location_Payroll(week_start_date,hours_worked,employeeID,storeID) VALUES ('2022-12-07 03:32:47',19.1,'98-9983697',1);
 INTO Location_Payroll(week_start_date,hours_worked,employeeID,storeID) VALUES ('2023-03-24 10:48:38',35.7,'34-0313237',2);
INSERT INTO Location_Payroll(week_start_date,hours_worked,employeeID,storeID) VALUES ('2023-03-11 16:54:42',13.39,'28-3922929',3);
INSERT INTO Location_Payroll(week_start_date,hours_worked,employeeID,storeID) VALUES ('2022-12-02 22:43:06',24.5,'32-9466579',4);
INSERT INTO Location_Payroll(week_start_date,hours_worked,employeeID,storeID) VALUES ('2023-01-30 18:50:57',33.2,'54-7371997',5);
INSERT INTO Location_Payroll(week_start_date,hours_worked,employeeID,storeID) VALUES ('2022-10-21 19:39:49',17.68,'79-6780795',6);
INSERT INTO Location_Payroll(week_start_date,hours_worked,employeeID,storeID) VALUES ('2022-10-17 14:00:57',29.09,'20-9784352',7);
INSERT INTO Location_Payroll(week_start_date,hours_worked,employeeID,storeID) VALUES ('2023-03-16 04:03:38',38.4,'64-4370084',8);
INSERT INTO Location_Payroll(week_start_date,hours_worked,employeeID,storeID) VALUES ('2023-04-01 16:43:09',30.32,'34-0682780',9);
INSERT INTO Location_Payroll(week_start_date,hours_worked,employeeID,storeID) VALUES ('2023-01-21 13:30:30',30.09,'01-6455371',10);
INSERT INTO Location_Payroll(week_start_date,hours_worked,employeeID,storeID) VALUES ('2023-03-11 23:14:28',33.28,'80-6465713',1);
INSERT INTO Location_Payroll(week_start_date,hours_worked,employeeID,storeID) VALUES ('2023-04-04 03:23:15',37.38,'13-4431745',2);
INSERT INTO Location_Payroll(week_start_date,hours_worked,employeeID,storeID) VALUES ('2023-03-28 09:45:01',19.96,'76-8746171',3);
INSERT INTO Location_Payroll(week_start_date,hours_worked,employeeID,storeID) VALUES ('2022-12-26 23:42:17',29.44,'94-1044883',4);
INSERT INTO Location_Payroll(week_start_date,hours_worked,employeeID,storeID) VALUES ('2023-02-06 21:35:09',13.65,'45-3382752',5);
INSERT INTO Location_Payroll(week_start_date,hours_worked,employeeID,storeID) VALUES ('2023-01-19 19:59:16',18.8,'48-8188007',6);
INSERT INTO Location_Payroll(week_start_date,hours_worked,employeeID,storeID) VALUES ('2022-12-26 07:59:34',25.91,'83-6482015',7);
INSERT INTO Location_Payroll(week_start_date,hours_worked,employeeID,storeID) VALUES ('2022-11-06 20:03:09',21.87,'75-6683843',8);
INSERT INTO Location_Payroll(week_start_date,hours_worked,employeeID,storeID) VALUES ('2023-02-13 02:44:55',12.96,'72-3900232',9);
INSERT INTO Location_Payroll(week_start_date,hours_worked,employeeID,storeID) VALUES ('2022-12-30 07:44:34',30.33,'35-0757561',10);
INSERT INTO Location_Payroll(week_start_date,hours_worked,employeeID,storeID) VALUES ('2022-12-17 04:23:54',22.57,'75-3454782',1);
INSERT INTO Location_Payroll(week_start_date,hours_worked,employeeID,storeID) VALUES ('2022-11-18 04:00:30',21.52,'29-1338978',2);
INSERT INTO Location_Payroll(week_start_date,hours_worked,employeeID,storeID) VALUES ('2022-12-17 12:00:24',14.13,'10-9579385',3);
INSERT INTO Location_Payroll(week_start_date,hours_worked,employeeID,storeID) VALUES ('2022-12-29 00:29:53',38.28,'45-3678910',4);
INSERT INTO Location_Payroll(week_start_date,hours_worked,employeeID,storeID) VALUES ('2022-12-15 04:40:33',29.63,'59-1017708',5);
INSERT INTO Location_Payroll(week_start_date,hours_worked,employeeID,storeID) VALUES ('2023-02-06 10:03:47',33.66,'57-5229374',6);
INSERT INTO Location_Payroll(week_start_date,hours_worked,employeeID,storeID) VALUES ('2022-12-03 08:32:46',25.15,'48-3327718',7);
INSERT INTO Location_Payroll(week_start_date,hours_worked,employeeID,storeID) VALUES ('2022-12-03 20:32:33',37.9,'23-6730628',8);
INSERT INTO Location_Payroll(week_start_date,hours_worked,employeeID,storeID) VALUES ('2023-01-27 19:27:07',28.63,'59-5455001',9);
INSERT INTO Location_Payroll(week_start_date,hours_worked,employeeID,storeID) VALUES ('2023-03-02 07:49:50',13.45,'05-3529101',10);
INSERT INTO Location_Payroll(week_start_date,hours_worked,employeeID,storeID) VALUES ('2023-02-08 12:56:27',19.09,'68-1004431',1);
INSERT INTO Location_Payroll(week_start_date,hours_worked,employeeID,storeID) VALUES ('2023-03-15 00:33:54',21.3,'97-7364841',2);
INSERT INTO Location_Payroll(week_start_date,hours_worked,employeeID,storeID) VALUES ('2022-10-17 12:16:57',33.41,'16-5833604',3);
INSERT INTO Location_Payroll(week_start_date,hours_worked,employeeID,storeID) VALUES ('2022-12-24 17:29:27',11.1,'76-9786447',4);
INSERT INTO Location_Payroll(week_start_date,hours_worked,employeeID,storeID) VALUES ('2022-11-26 00:03:01',26.87,'89-9060625',5);
INSERT INTO Location_Payroll(week_start_date,hours_worked,employeeID,storeID) VALUES ('2022-11-30 18:15:16',19.24,'68-4558808',6);
INSERT INTO Location_Payroll(week_start_date,hours_worked,employeeID,storeID) VALUES ('2023-04-08 11:53:53',38.48,'16-9401669',7);
INSERT INTO Location_Payroll(week_start_date,hours_worked,employeeID,storeID) VALUES ('2023-03-26 21:11:56',21.29,'86-1304837',8);
INSERT INTO Location_Payroll(week_start_date,hours_worked,employeeID,storeID) VALUES ('2023-03-05 07:14:50',30.01,'54-3656526',9);
INSERT INTO Location_Payroll(week_start_date,hours_worked,employeeID,storeID) VALUES ('2023-01-26 14:50:28',37.93,'87-8151044',10);
INSERT INTO Location_Payroll(week_start_date,hours_worked,employeeID,storeID) VALUES ('2023-01-27 03:41:44',28.23,'08-9084341',1);
INSERT INTO Location_Payroll(week_start_date,hours_worked,employeeID,storeID) VALUES ('2022-11-01 11:47:02',18.59,'43-7607493',2);
INSERT INTO Location_Payroll(week_start_date,hours_worked,employeeID,storeID) VALUES ('2022-11-23 11:04:09',39.34,'48-5825736',3);
INSERT INTO Location_Payroll(week_start_date,hours_worked,employeeID,storeID) VALUES ('2023-03-05 12:23:17',31.42,'38-1793957',4);
INSERT INTO Location_Payroll(week_start_date,hours_worked,employeeID,storeID) VALUES ('2023-02-11 11:01:08',23.78,'15-8143847',5);
INSERT INTO Location_Payroll(week_start_date,hours_worked,employeeID,storeID) VALUES ('2022-12-21 23:02:14',16.66,'12-9408227',6);
INSERT INTO Location_Payroll(week_start_date,hours_worked,employeeID,storeID) VALUES ('2022-11-22 07:50:13',30.98,'78-0887161',7);
INSERT INTO Location_Payroll(week_start_date,hours_worked,employeeID,storeID) VALUES ('2023-04-07 21:08:06',21.63,'94-4428993',8);
INSERT INTO Location_Payroll(week_start_date,hours_worked,employeeID,storeID) VALUES ('2023-01-16 08:54:01',17.47,'92-6438571',9);
INSERT INTO Location_Payroll(week_start_date,hours_worked,employeeID,storeID) VALUES ('2023-01-08 09:37:46',37.07,'98-3727183',10);
INSERT INTO Location_Payroll(week_start_date,hours_worked,employeeID,storeID) VALUES ('2023-02-05 04:53:38',37.54,'14-5264764',1);
INSERT INTO Location_Payroll(week_start_date,hours_worked,employeeID,storeID) VALUES ('2023-02-04 11:06:14',17.29,'44-8558054',2);
INSERT INTO Location_Payroll(week_start_date,hours_worked,employeeID,storeID) VALUES ('2022-12-26 09:03:58',27.74,'29-0602553',3);
INSERT INTO Location_Payroll(week_start_date,hours_worked,employeeID,storeID) VALUES ('2023-02-27 07:32:45',15.24,'00-6271485',4);
INSERT INTO Location_Payroll(week_start_date,hours_worked,employeeID,storeID) VALUES ('2022-11-10 15:04:16',37.13,'86-4615517',5);
INSERT INTO Location_Payroll(week_start_date,hours_worked,employeeID,storeID) VALUES ('2023-01-23 15:37:44',27.52,'79-9371809',6);
INSERT INTO Location_Payroll(week_start_date,hours_worked,employeeID,storeID) VALUES ('2023-03-27 14:36:49',23.71,'69-1158643',7);
INSERT INTO Location_Payroll(week_start_date,hours_worked,employeeID,storeID) VALUES ('2023-02-01 17:05:02',29.46,'07-5668614',8);
INSERT INTO Location_Payroll(week_start_date,hours_worked,employeeID,storeID) VALUES ('2023-02-06 13:26:44',22.49,'88-2204642',9);
INSERT INTO Location_Payroll(week_start_date,hours_worked,employeeID,storeID) VALUES ('2022-11-16 15:28:51',17.52,'15-9762391',10);
INSERT INTO Location_Payroll(week_start_date,hours_worked,employeeID,storeID) VALUES ('2022-12-30 20:34:14',21.33,'02-5840939',1);
INSERT INTO Location_Payroll(week_start_date,hours_worked,employeeID,storeID) VALUES ('2022-12-04 12:25:43',39.73,'53-3644042',2);
INSERT INTO Location_Payroll(week_start_date,hours_worked,employeeID,storeID) VALUES ('2022-11-15 19:17:39',18.47,'89-0065995',3);
INSERT INTO Location_Payroll(week_start_date,hours_worked,employeeID,storeID) VALUES ('2023-01-25 12:25:54',19.96,'42-2915522',4);
INSERT INTO Location_Payroll(week_start_date,hours_worked,employeeID,storeID) VALUES ('2022-10-27 03:40:15',34.04,'37-0516497',5);
INSERT INTO Location_Payroll(week_start_date,hours_worked,employeeID,storeID) VALUES ('2023-02-26 21:04:38',27.83,'63-3002945',6);
INSERT INTO Location_Payroll(week_start_date,hours_worked,employeeID,storeID) VALUES ('2022-10-19 14:19:12',14.83,'09-3246015',7);
INSERT INTO Location_Payroll(week_start_date,hours_worked,employeeID,storeID) VALUES ('2023-03-23 13:56:03',36.32,'61-1925318',8);
INSERT INTO Location_Payroll(week_start_date,hours_worked,employeeID,storeID) VALUES ('2022-12-07 01:56:17',21.68,'22-5911608',9);
INSERT INTO Location_Payroll(week_start_date,hours_worked,employeeID,storeID) VALUES ('2023-01-21 16:37:54',33.73,'88-9289532',10);
INSERT INTO Location_Payroll(week_start_date,hours_worked,employeeID,storeID) VALUES ('2023-03-22 01:14:12',34.53,'63-2501683',1);
INSERT INTO Location_Payroll(week_start_date,hours_worked,employeeID,storeID) VALUES ('2023-02-09 10:15:04',11.2,'05-8301241',2);
INSERT INTO Location_Payroll(week_start_date,hours_worked,employeeID,storeID) VALUES ('2023-03-24 03:38:10',34.38,'53-3344751',3);
INSERT INTO Location_Payroll(week_start_date,hours_worked,employeeID,storeID) VALUES ('2022-11-26 20:35:31',30.55,'62-1714304',4);
INSERT INTO Location_Payroll(week_start_date,hours_worked,employeeID,storeID) VALUES ('2022-11-01 00:52:55',22.35,'69-7241285',5);
INSERT INTO Location_Payroll(week_start_date,hours_worked,employeeID,storeID) VALUES ('2023-03-14 18:17:33',39.71,'05-9583515',6);
INSERT INTO Location_Payroll(week_start_date,hours_worked,employeeID,storeID) VALUES ('2023-01-24 01:38:56',36.08,'57-8691312',7);
INSERT INTO Location_Payroll(week_start_date,hours_worked,employeeID,storeID) VALUES ('2022-11-17 22:51:13',25.51,'99-9544348',8);
INSERT INTO Location_Payroll(week_start_date,hours_worked,employeeID,storeID) VALUES ('2023-03-24 11:08:17',18.87,'77-6043932',9);
INSERT INTO Location_Payroll(week_start_date,hours_worked,employeeID,storeID) VALUES ('2022-11-20 12:54:11',33.85,'70-0613633',10);
INSERT INTO Location_Payroll(week_start_date,hours_worked,employeeID,storeID) VALUES ('2023-02-03 01:57:54',38.81,'34-3952656',1);
INSERT INTO Location_Payroll(week_start_date,hours_worked,employeeID,storeID) VALUES ('2022-12-16 04:52:39',34.56,'68-2355739',2);
INSERT INTO Location_Payroll(week_start_date,hours_worked,employeeID,storeID) VALUES ('2022-11-29 21:01:26',39.71,'36-3101227',3);
INSERT INTO Location_Payroll(week_start_date,hours_worked,employeeID,storeID) VALUES ('2023-01-11 23:01:55',32.41,'11-1245184',4);
INSERT INTO Location_Payroll(week_start_date,hours_worked,employeeID,storeID) VALUES ('2023-01-14 21:28:49',27.56,'79-0813221',5);
INSERT INTO Location_Payroll(week_start_date,hours_worked,employeeID,storeID) VALUES ('2023-03-23 08:37:34',12.53,'99-2600475',6);
INSERT INTO Location_Payroll(week_start_date,hours_worked,employeeID,storeID) VALUES ('2023-01-08 07:57:55',14.03,'95-7885409',7);
INSERT INTO Location_Payroll(week_start_date,hours_worked,employeeID,storeID) VALUES ('2022-12-22 05:03:04',29.22,'13-2372124',8);
INSERT INTO Location_Payroll(week_start_date,hours_worked,employeeID,storeID) VALUES ('2023-01-23 07:52:50',38.98,'36-0719839',9);
INSERT INTO Location_Payroll(week_start_date,hours_worked,employeeID,storeID) VALUES ('2022-11-25 20:33:42',33.52,'17-5214989',10);
INSERT INTO Location_Payroll(week_start_date,hours_worked,employeeID,storeID) VALUES ('2022-10-29 16:15:00',36.0,'90-5570813',1);
INSERT INTO Location_Payroll(week_start_date,hours_worked,employeeID,storeID) VALUES ('2023-03-04 02:33:40',35.37,'36-5626845',2);
INSERT INTO Location_Payroll(week_start_date,hours_worked,employeeID,storeID) VALUES ('2023-02-05 06:57:00',25.21,'77-4558958',3);
INSERT INTO Location_Payroll(week_start_date,hours_worked,employeeID,storeID) VALUES ('2022-11-14 11:54:29',29.51,'16-5027245',4);
INSERT INTO Location_Payroll(week_start_date,hours_worked,employeeID,storeID) VALUES ('2022-10-19 14:14:14',32.38,'29-5878611',5);
INSERT INTO Location_Payroll(week_start_date,hours_worked,employeeID,storeID) VALUES ('2022-12-16 15:25:41',37.56,'29-9802861',6);
INSERT INTO Location_Payroll(week_start_date,hours_worked,employeeID,storeID) VALUES ('2023-01-21 06:45:55',26.06,'29-3103182',7);
INSERT INTO Location_Payroll(week_start_date,hours_worked,employeeID,storeID) VALUES ('2023-03-02 13:58:16',37.82,'65-3590415',8);
INSERT INTO Location_Payroll(week_start_date,hours_worked,employeeID,storeID) VALUES ('2023-02-06 02:22:23',11.92,'71-0588950',9);
INSERT INTO Location_Payroll(week_start_date,hours_worked,employeeID,storeID) VALUES ('2023-01-07 03:01:07',25.88,'66-3586258',10);
INSERT INTO Location_Payroll(week_start_date,hours_worked,employeeID,storeID) VALUES ('2023-04-10 06:08:11',36.89,'21-2253908',1);
# 100 records
#--------------------------------------------------------------------------------------------------------------------------------------

#--------------------------------------------------------------------------------------------------------------------------------------
#
# Adding data for table 'Emp_LocPay'
#
INSERT INTO Emp_LocPay(storeID,employeeID) VALUES (5,'59-5455001');
INSERT INTO Emp_LocPay(storeID,employeeID) VALUES (8,'28-3922929');
INSERT INTO Emp_LocPay(storeID,employeeID) VALUES (9,'62-1714304');
INSERT INTO Emp_LocPay(storeID,employeeID) VALUES (2,'94-1044883');
INSERT INTO Emp_LocPay(storeID,employeeID) VALUES (4,'05-9583515');
INSERT INTO Emp_LocPay(storeID,employeeID) VALUES (8,'79-0813221');
INSERT INTO Emp_LocPay(storeID,employeeID) VALUES (4,'71-0588950');
INSERT INTO Emp_LocPay(storeID,employeeID) VALUES (1,'86-4615517');
INSERT INTO Emp_LocPay(storeID,employeeID) VALUES (2,'92-6438571');
INSERT INTO Emp_LocPay(storeID,employeeID) VALUES (10,'20-9784352');
INSERT INTO Emp_LocPay(storeID,employeeID) VALUES (6,'09-4195163');
INSERT INTO Emp_LocPay(storeID,employeeID) VALUES (10,'02-5840939');
INSERT INTO Emp_LocPay(storeID,employeeID) VALUES (3,'78-0887161');
INSERT INTO Emp_LocPay(storeID,employeeID) VALUES (9,'79-0813221');
INSERT INTO Emp_LocPay(storeID,employeeID) VALUES (5,'98-3727183');
INSERT INTO Emp_LocPay(storeID,employeeID) VALUES (9,'99-9544348');
INSERT INTO Emp_LocPay(storeID,employeeID) VALUES (7,'13-4431745');
INSERT INTO Emp_LocPay(storeID,employeeID) VALUES (6,'54-3656526');
INSERT INTO Emp_LocPay(storeID,employeeID) VALUES (3,'99-2600475');
INSERT INTO Emp_LocPay(storeID,employeeID) VALUES (2,'44-8558054');
INSERT INTO Emp_LocPay(storeID,employeeID) VALUES (1,'97-7364841');
INSERT INTO Emp_LocPay(storeID,employeeID) VALUES (6,'63-2501683');
INSERT INTO Emp_LocPay(storeID,employeeID) VALUES (7,'71-0588950');
INSERT INTO Emp_LocPay(storeID,employeeID) VALUES (3,'36-0719839');
INSERT INTO Emp_LocPay(storeID,employeeID) VALUES (2,'75-6683843');
INSERT INTO Emp_LocPay(storeID,employeeID) VALUES (4,'71-0588950');
INSERT INTO Emp_LocPay(storeID,employeeID) VALUES (1,'32-9466579');
INSERT INTO Emp_LocPay(storeID,employeeID) VALUES (2,'11-1245184');
INSERT INTO Emp_LocPay(storeID,employeeID) VALUES (10,'77-4558958');
INSERT INTO Emp_LocPay(storeID,employeeID) VALUES (5,'31-6974243');
INSERT INTO Emp_LocPay(storeID,employeeID) VALUES (1,'48-8188007');
INSERT INTO Emp_LocPay(storeID,employeeID) VALUES (4,'61-1925318');
INSERT INTO Emp_LocPay(storeID,employeeID) VALUES (2,'29-9802861');
INSERT INTO Emp_LocPay(storeID,employeeID) VALUES (5,'37-0516497');
INSERT INTO Emp_LocPay(storeID,employeeID) VALUES (7,'59-5455001');
INSERT INTO Emp_LocPay(storeID,employeeID) VALUES (10,'64-4370084');
INSERT INTO Emp_LocPay(storeID,employeeID) VALUES (9,'87-8151044');
INSERT INTO Emp_LocPay(storeID,employeeID) VALUES (7,'17-5214989');
INSERT INTO Emp_LocPay(storeID,employeeID) VALUES (6,'16-5027245');
INSERT INTO Emp_LocPay(storeID,employeeID) VALUES (4,'15-8143847');
INSERT INTO Emp_LocPay(storeID,employeeID) VALUES (8,'05-8301241');
INSERT INTO Emp_LocPay(storeID,employeeID) VALUES (1,'34-0682780');
INSERT INTO Emp_LocPay(storeID,employeeID) VALUES (7,'59-5455001');
INSERT INTO Emp_LocPay(storeID,employeeID) VALUES (6,'32-9466579');
INSERT INTO Emp_LocPay(storeID,employeeID) VALUES (5,'29-3103182');
INSERT INTO Emp_LocPay(storeID,employeeID) VALUES (2,'82-7015989');
INSERT INTO Emp_LocPay(storeID,employeeID) VALUES (10,'88-9289532');
INSERT INTO Emp_LocPay(storeID,employeeID) VALUES (4,'76-9786447');
INSERT INTO Emp_LocPay(storeID,employeeID) VALUES (3,'48-5825736');
INSERT INTO Emp_LocPay(storeID,employeeID) VALUES (5,'77-4558958');
INSERT INTO Emp_LocPay(storeID,employeeID) VALUES (9,'72-3900232');
INSERT INTO Emp_LocPay(storeID,employeeID) VALUES (4,'69-7680173');
INSERT INTO Emp_LocPay(storeID,employeeID) VALUES (10,'88-9289532');
INSERT INTO Emp_LocPay(storeID,employeeID) VALUES (8,'34-0313237');
INSERT INTO Emp_LocPay(storeID,employeeID) VALUES (3,'38-1793957');
INSERT INTO Emp_LocPay(storeID,employeeID) VALUES (10,'34-0682780');
INSERT INTO Emp_LocPay(storeID,employeeID) VALUES (7,'43-7607493');
INSERT INTO Emp_LocPay(storeID,employeeID) VALUES (3,'20-9784352');
INSERT INTO Emp_LocPay(storeID,employeeID) VALUES (1,'29-5878611');
INSERT INTO Emp_LocPay(storeID,employeeID) VALUES (5,'05-8301241');
INSERT INTO Emp_LocPay(storeID,employeeID) VALUES (8,'63-3002945');
INSERT INTO Emp_LocPay(storeID,employeeID) VALUES (2,'94-4428993');
INSERT INTO Emp_LocPay(storeID,employeeID) VALUES (9,'90-5570813');
INSERT INTO Emp_LocPay(storeID,employeeID) VALUES (1,'16-5027245');
INSERT INTO Emp_LocPay(storeID,employeeID) VALUES (4,'77-6043932');
INSERT INTO Emp_LocPay(storeID,employeeID) VALUES (10,'29-1338978');
INSERT INTO Emp_LocPay(storeID,employeeID) VALUES (6,'87-8151044');
INSERT INTO Emp_LocPay(storeID,employeeID) VALUES (8,'99-2600475');
INSERT INTO Emp_LocPay(storeID,employeeID) VALUES (2,'44-8558054');
INSERT INTO Emp_LocPay(storeID,employeeID) VALUES (7,'80-6465713');
INSERT INTO Emp_LocPay(storeID,employeeID) VALUES (5,'70-0613633');
INSERT INTO Emp_LocPay(storeID,employeeID) VALUES (3,'12-9408227');
INSERT INTO Emp_LocPay(storeID,employeeID) VALUES (10,'13-2372124');
INSERT INTO Emp_LocPay(storeID,employeeID) VALUES (4,'32-9466579');
INSERT INTO Emp_LocPay(storeID,employeeID) VALUES (8,'94-1044883');
INSERT INTO Emp_LocPay(storeID,employeeID) VALUES (4,'99-2600475');
INSERT INTO Emp_LocPay(storeID,employeeID) VALUES (9,'13-2372124');
INSERT INTO Emp_LocPay(storeID,employeeID) VALUES (6,'72-3900232');
INSERT INTO Emp_LocPay(storeID,employeeID) VALUES (2,'61-1925318');
INSERT INTO Emp_LocPay(storeID,employeeID) VALUES (10,'57-5229374');
INSERT INTO Emp_LocPay(storeID,employeeID) VALUES (8,'90-5570813');
INSERT INTO Emp_LocPay(storeID,employeeID) VALUES (10,'98-9983697');
INSERT INTO Emp_LocPay(storeID,employeeID) VALUES (2,'76-8746171');
INSERT INTO Emp_LocPay(storeID,employeeID) VALUES (6,'78-0887161');
INSERT INTO Emp_LocPay(storeID,employeeID) VALUES (7,'10-9579385');
INSERT INTO Emp_LocPay(storeID,employeeID) VALUES (10,'31-6974243');
INSERT INTO Emp_LocPay(storeID,employeeID) VALUES (8,'45-3382752');
INSERT INTO Emp_LocPay(storeID,employeeID) VALUES (3,'37-0516497');
INSERT INTO Emp_LocPay(storeID,employeeID) VALUES (4,'29-5878611');
INSERT INTO Emp_LocPay(storeID,employeeID) VALUES (2,'54-3656526');
INSERT INTO Emp_LocPay(storeID,employeeID) VALUES (2,'83-6482015');
INSERT INTO Emp_LocPay(storeID,employeeID) VALUES (7,'58-4513235');
INSERT INTO Emp_LocPay(storeID,employeeID) VALUES (9,'63-2501683');
INSERT INTO Emp_LocPay(storeID,employeeID) VALUES (8,'08-9084341');
INSERT INTO Emp_LocPay(storeID,employeeID) VALUES (3,'29-9802861');
INSERT INTO Emp_LocPay(storeID,employeeID) VALUES (5,'94-4428993');
INSERT INTO Emp_LocPay(storeID,employeeID) VALUES (2,'16-5833604');
INSERT INTO Emp_LocPay(storeID,employeeID) VALUES (8,'31-6974243');
INSERT INTO Emp_LocPay(storeID,employeeID) VALUES (6,'92-6438571');
INSERT INTO Emp_LocPay(storeID,employeeID) VALUES (10,'34-3952656');
INSERT INTO Emp_LocPay(storeID,employeeID) VALUES (1,'34-3952656');
# 100 records
#--------------------------------------------------------------------------------------------------------------------------------------
#
# Adding data for table 'Inventory'
#
INSERT INTO Inventory(units_in_stock,units_on_order,on_order,storeID,productID) VALUES (3,19,0,2,27);
INSERT INTO Inventory(units_in_stock,units_on_order,on_order,storeID,productID) VALUES (5,10,0,6,7);
INSERT INTO Inventory(units_in_stock,units_on_order,on_order,storeID,productID) VALUES (4,10,0,8,3);
INSERT INTO Inventory(units_in_stock,units_on_order,on_order,storeID,productID) VALUES (14,11,0,2,26);
INSERT INTO Inventory(units_in_stock,units_on_order,on_order,storeID,productID) VALUES (11,13,1,10,7);
INSERT INTO Inventory(units_in_stock,units_on_order,on_order,storeID,productID) VALUES (20,18,0,8,4);
INSERT INTO Inventory(units_in_stock,units_on_order,on_order,storeID,productID) VALUES (10,18,0,3,5);
INSERT INTO Inventory(units_in_stock,units_on_order,on_order,storeID,productID) VALUES (14,18,0,6,27);
INSERT INTO Inventory(units_in_stock,units_on_order,on_order,storeID,productID) VALUES (2,18,0,6,17);
INSERT INTO Inventory(units_in_stock,units_on_order,on_order,storeID,productID) VALUES (3,20,0,7,5);
INSERT INTO Inventory(units_in_stock,units_on_order,on_order,storeID,productID) VALUES (12,13,1,3,7);
INSERT INTO Inventory(units_in_stock,units_on_order,on_order,storeID,productID) VALUES (1,20,0,2,32);
INSERT INTO Inventory(units_in_stock,units_on_order,on_order,storeID,productID) VALUES (11,12,0,1,13);
INSERT INTO Inventory(units_in_stock,units_on_order,on_order,storeID,productID) VALUES (9,16,0,8,16);
INSERT INTO Inventory(units_in_stock,units_on_order,on_order,storeID,productID) VALUES (16,19,1,3,44);
INSERT INTO Inventory(units_in_stock,units_on_order,on_order,storeID,productID) VALUES (11,17,0,9,40);
INSERT INTO Inventory(units_in_stock,units_on_order,on_order,storeID,productID) VALUES (12,20,1,6,35);
INSERT INTO Inventory(units_in_stock,units_on_order,on_order,storeID,productID) VALUES (2,18,1,10,16);
INSERT INTO Inventory(units_in_stock,units_on_order,on_order,storeID,productID) VALUES (20,16,1,1,8);
INSERT INTO Inventory(units_in_stock,units_on_order,on_order,storeID,productID) VALUES (4,11,0,8,31);
INSERT INTO Inventory(units_in_stock,units_on_order,on_order,storeID,productID) VALUES (8,16,1,1,27);
INSERT INTO Inventory(units_in_stock,units_on_order,on_order,storeID,productID) VALUES (15,19,1,3,4);
INSERT INTO Inventory(units_in_stock,units_on_order,on_order,storeID,productID) VALUES (18,19,0,1,35);
INSERT INTO Inventory(units_in_stock,units_on_order,on_order,storeID,productID) VALUES (11,17,1,4,20);
INSERT INTO Inventory(units_in_stock,units_on_order,on_order,storeID,productID) VALUES (10,11,1,4,23);
INSERT INTO Inventory(units_in_stock,units_on_order,on_order,storeID,productID) VALUES (16,11,0,3,42);
INSERT INTO Inventory(units_in_stock,units_on_order,on_order,storeID,productID) VALUES (19,13,1,5,21);
INSERT INTO Inventory(units_in_stock,units_on_order,on_order,storeID,productID) VALUES (15,13,0,3,22);
INSERT INTO Inventory(units_in_stock,units_on_order,on_order,storeID,productID) VALUES (1,17,1,9,18);
INSERT INTO Inventory(units_in_stock,units_on_order,on_order,storeID,productID) VALUES (6,11,1,7,30);
INSERT INTO Inventory(units_in_stock,units_on_order,on_order,storeID,productID) VALUES (16,12,1,3,45);
INSERT INTO Inventory(units_in_stock,units_on_order,on_order,storeID,productID) VALUES (13,12,0,2,36);
INSERT INTO Inventory(units_in_stock,units_on_order,on_order,storeID,productID) VALUES (8,15,1,10,6);
INSERT INTO Inventory(units_in_stock,units_on_order,on_order,storeID,productID) VALUES (7,16,1,1,27);
INSERT INTO Inventory(units_in_stock,units_on_order,on_order,storeID,productID) VALUES (10,16,1,8,4);
INSERT INTO Inventory(units_in_stock,units_on_order,on_order,storeID,productID) VALUES (9,17,1,4,28);
INSERT INTO Inventory(units_in_stock,units_on_order,on_order,storeID,productID) VALUES (12,10,1,1,19);
INSERT INTO Inventory(units_in_stock,units_on_order,on_order,storeID,productID) VALUES (6,18,1,3,29);
INSERT INTO Inventory(units_in_stock,units_on_order,on_order,storeID,productID) VALUES (18,19,1,2,34);
INSERT INTO Inventory(units_in_stock,units_on_order,on_order,storeID,productID) VALUES (8,14,0,8,26);
INSERT INTO Inventory(units_in_stock,units_on_order,on_order,storeID,productID) VALUES (15,10,0,6,1);
INSERT INTO Inventory(units_in_stock,units_on_order,on_order,storeID,productID) VALUES (6,18,1,3,44);
INSERT INTO Inventory(units_in_stock,units_on_order,on_order,storeID,productID) VALUES (11,14,1,3,23);
INSERT INTO Inventory(units_in_stock,units_on_order,on_order,storeID,productID) VALUES (9,10,1,1,27);
INSERT INTO Inventory(units_in_stock,units_on_order,on_order,storeID,productID) VALUES (7,14,1,8,12);
INSERT INTO Inventory(units_in_stock,units_on_order,on_order,storeID,productID) VALUES (12,11,0,9,26);
INSERT INTO Inventory(units_in_stock,units_on_order,on_order,storeID,productID) VALUES (16,10,1,2,17);
INSERT INTO Inventory(units_in_stock,units_on_order,on_order,storeID,productID) VALUES (20,19,1,1,7);
INSERT INTO Inventory(units_in_stock,units_on_order,on_order,storeID,productID) VALUES (20,14,1,3,21);
INSERT INTO Inventory(units_in_stock,units_on_order,on_order,storeID,productID) VALUES (7,18,1,7,38);
INSERT INTO Inventory(units_in_stock,units_on_order,on_order,storeID,productID) VALUES (10,18,0,1,14);
INSERT INTO Inventory(units_in_stock,units_on_order,on_order,storeID,productID) VALUES (9,13,0,2,10);
INSERT INTO Inventory(units_in_stock,units_on_order,on_order,storeID,productID) VALUES (9,13,1,2,30);
INSERT INTO Inventory(units_in_stock,units_on_order,on_order,storeID,productID) VALUES (19,13,0,6,6);
INSERT INTO Inventory(units_in_stock,units_on_order,on_order,storeID,productID) VALUES (18,15,1,3,45);
INSERT INTO Inventory(units_in_stock,units_on_order,on_order,storeID,productID) VALUES (13,18,0,1,22);
INSERT INTO Inventory(units_in_stock,units_on_order,on_order,storeID,productID) VALUES (20,12,1,1,30);
INSERT INTO Inventory(units_in_stock,units_on_order,on_order,storeID,productID) VALUES (4,19,0,2,11);
INSERT INTO Inventory(units_in_stock,units_on_order,on_order,storeID,productID) VALUES (7,14,1,5,12);
INSERT INTO Inventory(units_in_stock,units_on_order,on_order,storeID,productID) VALUES (6,20,0,8,14);
INSERT INTO Inventory(units_in_stock,units_on_order,on_order,storeID,productID) VALUES (12,13,1,2,40);
INSERT INTO Inventory(units_in_stock,units_on_order,on_order,storeID,productID) VALUES (6,19,0,7,28);
INSERT INTO Inventory(units_in_stock,units_on_order,on_order,storeID,productID) VALUES (16,15,1,3,37);
INSERT INTO Inventory(units_in_stock,units_on_order,on_order,storeID,productID) VALUES (2,17,1,2,7);
INSERT INTO Inventory(units_in_stock,units_on_order,on_order,storeID,productID) VALUES (1,10,1,2,9);
INSERT INTO Inventory(units_in_stock,units_on_order,on_order,storeID,productID) VALUES (16,16,0,4,34);
INSERT INTO Inventory(units_in_stock,units_on_order,on_order,storeID,productID) VALUES (11,11,0,4,27);
INSERT INTO Inventory(units_in_stock,units_on_order,on_order,storeID,productID) VALUES (4,18,1,8,37);
INSERT INTO Inventory(units_in_stock,units_on_order,on_order,storeID,productID) VALUES (11,16,1,5,17);
INSERT INTO Inventory(units_in_stock,units_on_order,on_order,storeID,productID) VALUES (10,12,0,10,4);
INSERT INTO Inventory(units_in_stock,units_on_order,on_order,storeID,productID) VALUES (1,11,0,1,28);
INSERT INTO Inventory(units_in_stock,units_on_order,on_order,storeID,productID) VALUES (12,13,0,9,28);
INSERT INTO Inventory(units_in_stock,units_on_order,on_order,storeID,productID) VALUES (2,20,1,10,32);
INSERT INTO Inventory(units_in_stock,units_on_order,on_order,storeID,productID) VALUES (17,13,0,9,13);
INSERT INTO Inventory(units_in_stock,units_on_order,on_order,storeID,productID) VALUES (7,10,1,9,14);
INSERT INTO Inventory(units_in_stock,units_on_order,on_order,storeID,productID) VALUES (16,16,1,10,34);
INSERT INTO Inventory(units_in_stock,units_on_order,on_order,storeID,productID) VALUES (7,15,1,7,35);
INSERT INTO Inventory(units_in_stock,units_on_order,on_order,storeID,productID) VALUES (9,20,1,1,27);
INSERT INTO Inventory(units_in_stock,units_on_order,on_order,storeID,productID) VALUES (4,10,1,7,27);
INSERT INTO Inventory(units_in_stock,units_on_order,on_order,storeID,productID) VALUES (16,16,0,5,4);
INSERT INTO Inventory(units_in_stock,units_on_order,on_order,storeID,productID) VALUES (20,16,1,9,35);
INSERT INTO Inventory(units_in_stock,units_on_order,on_order,storeID,productID) VALUES (11,10,0,4,22);
INSERT INTO Inventory(units_in_stock,units_on_order,on_order,storeID,productID) VALUES (7,18,0,5,27);
INSERT INTO Inventory(units_in_stock,units_on_order,on_order,storeID,productID) VALUES (15,12,1,7,44);
INSERT INTO Inventory(units_in_stock,units_on_order,on_order,storeID,productID) VALUES (11,13,0,6,2);
INSERT INTO Inventory(units_in_stock,units_on_order,on_order,storeID,productID) VALUES (9,10,0,1,26);
INSERT INTO Inventory(units_in_stock,units_on_order,on_order,storeID,productID) VALUES (14,17,0,9,6);
INSERT INTO Inventory(units_in_stock,units_on_order,on_order,storeID,productID) VALUES (4,10,1,5,9);
INSERT INTO Inventory(units_in_stock,units_on_order,on_order,storeID,productID) VALUES (19,10,1,5,9);
INSERT INTO Inventory(units_in_stock,units_on_order,on_order,storeID,productID) VALUES (6,17,0,6,17);
INSERT INTO Inventory(units_in_stock,units_on_order,on_order,storeID,productID) VALUES (15,18,1,6,17);
INSERT INTO Inventory(units_in_stock,units_on_order,on_order,storeID,productID) VALUES (9,14,1,1,15);
INSERT INTO Inventory(units_in_stock,units_on_order,on_order,storeID,productID) VALUES (18,20,0,9,22);
INSERT INTO Inventory(units_in_stock,units_on_order,on_order,storeID,productID) VALUES (4,10,0,2,5);
INSERT INTO Inventory(units_in_stock,units_on_order,on_order,storeID,productID) VALUES (13,20,1,7,2);
INSERT INTO Inventory(units_in_stock,units_on_order,on_order,storeID,productID) VALUES (7,16,0,6,11);
INSERT INTO Inventory(units_in_stock,units_on_order,on_order,storeID,productID) VALUES (5,17,1,5,33);
INSERT INTO Inventory(units_in_stock,units_on_order,on_order,storeID,productID) VALUES (6,19,1,7,45);
INSERT INTO Inventory(units_in_stock,units_on_order,on_order,storeID,productID) VALUES (14,11,1,6,13);
INSERT INTO Inventory(units_in_stock,units_on_order,on_order,storeID,productID) VALUES (7,18,1,1,21);
INSERT INTO Inventory(units_in_stock,units_on_order,on_order,storeID,productID) VALUES (11,16,0,4,17);
# 100 records
#--------------------------------------------------------------------------------------------------------------------------------------

#--------------------------------------------------------------------------------------------------------------------------------------
#
# Adding data for table 'Invent_Prod'
#
INSERT INTO Invent_Prod(storeID,productID) VALUES (2,27);
INSERT INTO Invent_Prod(storeID,productID) VALUES (7,20);
INSERT INTO Invent_Prod(storeID,productID) VALUES (9,30);
INSERT INTO Invent_Prod(storeID,productID) VALUES (9,29);
INSERT INTO Invent_Prod(storeID,productID) VALUES (2,25);
INSERT INTO Invent_Prod(storeID,productID) VALUES (7,43);
INSERT INTO Invent_Prod(storeID,productID) VALUES (4,44);
INSERT INTO Invent_Prod(storeID,productID) VALUES (6,18);
INSERT INTO Invent_Prod(storeID,productID) VALUES (3,26);
INSERT INTO Invent_Prod(storeID,productID) VALUES (9,45);
INSERT INTO Invent_Prod(storeID,productID) VALUES (8,39);
INSERT INTO Invent_Prod(storeID,productID) VALUES (5,23);
INSERT INTO Invent_Prod(storeID,productID) VALUES (7,12);
INSERT INTO Invent_Prod(storeID,productID) VALUES (4,10);
INSERT INTO Invent_Prod(storeID,productID) VALUES (7,41);
INSERT INTO Invent_Prod(storeID,productID) VALUES (9,34);
INSERT INTO Invent_Prod(storeID,productID) VALUES (3,37);
INSERT INTO Invent_Prod(storeID,productID) VALUES (2,16);
INSERT INTO Invent_Prod(storeID,productID) VALUES (5,5);
INSERT INTO Invent_Prod(storeID,productID) VALUES (1,11);
INSERT INTO Invent_Prod(storeID,productID) VALUES (7,39);
INSERT INTO Invent_Prod(storeID,productID) VALUES (10,14);
INSERT INTO Invent_Prod(storeID,productID) VALUES (7,4);
INSERT INTO Invent_Prod(storeID,productID) VALUES (1,41);
INSERT INTO Invent_Prod(storeID,productID) VALUES (9,14);
INSERT INTO Invent_Prod(storeID,productID) VALUES (10,43);
INSERT INTO Invent_Prod(storeID,productID) VALUES (4,40);
INSERT INTO Invent_Prod(storeID,productID) VALUES (5,1);
INSERT INTO Invent_Prod(storeID,productID) VALUES (7,45);
INSERT INTO Invent_Prod(storeID,productID) VALUES (6,16);
INSERT INTO Invent_Prod(storeID,productID) VALUES (2,22);
INSERT INTO Invent_Prod(storeID,productID) VALUES (4,38);
INSERT INTO Invent_Prod(storeID,productID) VALUES (1,43);
INSERT INTO Invent_Prod(storeID,productID) VALUES (1,12);
INSERT INTO Invent_Prod(storeID,productID) VALUES (4,11);
INSERT INTO Invent_Prod(storeID,productID) VALUES (9,1);
INSERT INTO Invent_Prod(storeID,productID) VALUES (6,31);
INSERT INTO Invent_Prod(storeID,productID) VALUES (8,6);
INSERT INTO Invent_Prod(storeID,productID) VALUES (7,40);
INSERT INTO Invent_Prod(storeID,productID) VALUES (4,16);
INSERT INTO Invent_Prod(storeID,productID) VALUES (2,21);
INSERT INTO Invent_Prod(storeID,productID) VALUES (2,19);
INSERT INTO Invent_Prod(storeID,productID) VALUES (6,11);
INSERT INTO Invent_Prod(storeID,productID) VALUES (3,34);
INSERT INTO Invent_Prod(storeID,productID) VALUES (9,44);
INSERT INTO Invent_Prod(storeID,productID) VALUES (10,29);
INSERT INTO Invent_Prod(storeID,productID) VALUES (6,27);
INSERT INTO Invent_Prod(storeID,productID) VALUES (8,2);
INSERT INTO Invent_Prod(storeID,productID) VALUES (7,9);
INSERT INTO Invent_Prod(storeID,productID) VALUES (3,31);
INSERT INTO Invent_Prod(storeID,productID) VALUES (7,17);
INSERT INTO Invent_Prod(storeID,productID) VALUES (3,41);
INSERT INTO Invent_Prod(storeID,productID) VALUES (9,5);
INSERT INTO Invent_Prod(storeID,productID) VALUES (5,13);
INSERT INTO Invent_Prod(storeID,productID) VALUES (7,35);
INSERT INTO Invent_Prod(storeID,productID) VALUES (2,10);
INSERT INTO Invent_Prod(storeID,productID) VALUES (6,10);
INSERT INTO Invent_Prod(storeID,productID) VALUES (8,20);
INSERT INTO Invent_Prod(storeID,productID) VALUES (6,25);
INSERT INTO Invent_Prod(storeID,productID) VALUES (5,7);
INSERT INTO Invent_Prod(storeID,productID) VALUES (4,13);
INSERT INTO Invent_Prod(storeID,productID) VALUES (10,19);
INSERT INTO Invent_Prod(storeID,productID) VALUES (6,4);
INSERT INTO Invent_Prod(storeID,productID) VALUES (3,14);
INSERT INTO Invent_Prod(storeID,productID) VALUES (8,5);
INSERT INTO Invent_Prod(storeID,productID) VALUES (9,6);
INSERT INTO Invent_Prod(storeID,productID) VALUES (7,26);
INSERT INTO Invent_Prod(storeID,productID) VALUES (3,45);
INSERT INTO Invent_Prod(storeID,productID) VALUES (10,9);
INSERT INTO Invent_Prod(storeID,productID) VALUES (1,31);
INSERT INTO Invent_Prod(storeID,productID) VALUES (8,43);
INSERT INTO Invent_Prod(storeID,productID) VALUES (4,3);
INSERT INTO Invent_Prod(storeID,productID) VALUES (7,13);
INSERT INTO Invent_Prod(storeID,productID) VALUES (3,35);
INSERT INTO Invent_Prod(storeID,productID) VALUES (1,9);
INSERT INTO Invent_Prod(storeID,productID) VALUES (8,8);
INSERT INTO Invent_Prod(storeID,productID) VALUES (10,7);
INSERT INTO Invent_Prod(storeID,productID) VALUES (2,43);
INSERT INTO Invent_Prod(storeID,productID) VALUES (6,1);
INSERT INTO Invent_Prod(storeID,productID) VALUES (6,40);
INSERT INTO Invent_Prod(storeID,productID) VALUES (5,6);
INSERT INTO Invent_Prod(storeID,productID) VALUES (9,9);
INSERT INTO Invent_Prod(storeID,productID) VALUES (10,11);
INSERT INTO Invent_Prod(storeID,productID) VALUES (9,35);
INSERT INTO Invent_Prod(storeID,productID) VALUES (5,2);
INSERT INTO Invent_Prod(storeID,productID) VALUES (7,21);
INSERT INTO Invent_Prod(storeID,productID) VALUES (4,7);
INSERT INTO Invent_Prod(storeID,productID) VALUES (10,45);
INSERT INTO Invent_Prod(storeID,productID) VALUES (2,37);
INSERT INTO Invent_Prod(storeID,productID) VALUES (8,45);
INSERT INTO Invent_Prod(storeID,productID) VALUES (5,12);
INSERT INTO Invent_Prod(storeID,productID) VALUES (6,9);
INSERT INTO Invent_Prod(storeID,productID) VALUES (5,32);
INSERT INTO Invent_Prod(storeID,productID) VALUES (9,27);
INSERT INTO Invent_Prod(storeID,productID) VALUES (3,30);
INSERT INTO Invent_Prod(storeID,productID) VALUES (2,5);
INSERT INTO Invent_Prod(storeID,productID) VALUES (3,7);
INSERT INTO Invent_Prod(storeID,productID) VALUES (8,30);
INSERT INTO Invent_Prod(storeID,productID) VALUES (4,2);
INSERT INTO Invent_Prod(storeID,productID) VALUES (7,1);
INSERT INTO Invent_Prod(storeID,productID) VALUES (6,28);
# 100 records
#--------------------------------------------------------------------------------------------------------------------------------------

#--------------------------------------------------------------------------------------------------------------------------------------
#
# Adding data for table 'Ingredients'
#
INSERT INTO Ingredients(productID,ingredient_name) VALUES (15,'Tofu - Firm');
INSERT INTO Ingredients(productID,ingredient_name) VALUES (3,'Marjoram - Fresh');
INSERT INTO Ingredients(productID,ingredient_name) VALUES (42,'Salmon - Smoked, Sliced');
INSERT INTO Ingredients(productID,ingredient_name) VALUES (4,'Lidsoupcont Rp12dn');
INSERT INTO Ingredients(productID,ingredient_name) VALUES (16,'Juice - Apple Cider');
INSERT INTO Ingredients(productID,ingredient_name) VALUES (8,'The Pop Shoppe - Lime Rickey');
INSERT INTO Ingredients(productID,ingredient_name) VALUES (8,'Sambuca - Ramazzotti');
INSERT INTO Ingredients(productID,ingredient_name) VALUES (42,'Beef - Sushi Flat Iron Steak');
INSERT INTO Ingredients(productID,ingredient_name) VALUES (20,'Flour - All Purpose');
INSERT INTO Ingredients(productID,ingredient_name) VALUES (33,'Grouper - Fresh');
INSERT INTO Ingredients(productID,ingredient_name) VALUES (29,'Sachet');
INSERT INTO Ingredients(productID,ingredient_name) VALUES (7,'Myers Planters Punch');
INSERT INTO Ingredients(productID,ingredient_name) VALUES (40,'Cheese - Parmesan Cubes');
INSERT INTO Ingredients(productID,ingredient_name) VALUES (16,'Silicone Parch. 16.3x24.3');
INSERT INTO Ingredients(productID,ingredient_name) VALUES (30,'Wine - White, Lindemans Bin 95');
INSERT INTO Ingredients(productID,ingredient_name) VALUES (45,'Chestnuts - Whole,canned');
INSERT INTO Ingredients(productID,ingredient_name) VALUES (36,'Salami - Genova');
INSERT INTO Ingredients(productID,ingredient_name) VALUES (12,'Coke - Diet, 355 Ml');
INSERT INTO Ingredients(productID,ingredient_name) VALUES (15,'Cheese - Comtomme');
INSERT INTO Ingredients(productID,ingredient_name) VALUES (21,'Dr. Pepper - 355ml');
INSERT INTO Ingredients(productID,ingredient_name) VALUES (25,'Jicama');
INSERT INTO Ingredients(productID,ingredient_name) VALUES (45,'Chocolate Bar - Reese Pieces');
INSERT INTO Ingredients(productID,ingredient_name) VALUES (31,'Chestnuts - Whole,canned');
INSERT INTO Ingredients(productID,ingredient_name) VALUES (36,'Cheese - Grana Padano');
INSERT INTO Ingredients(productID,ingredient_name) VALUES (33,'Split Peas - Yellow, Dry');
INSERT INTO Ingredients(productID,ingredient_name) VALUES (17,'Extract - Almond');
INSERT INTO Ingredients(productID,ingredient_name) VALUES (3,'French Pastry - Mini Chocolate');
INSERT INTO Ingredients(productID,ingredient_name) VALUES (40,'Cheese - Cream Cheese');
INSERT INTO Ingredients(productID,ingredient_name) VALUES (7,'Carbonated Water - Orange');
INSERT INTO Ingredients(productID,ingredient_name) VALUES (40,'Squash - Sunburst');
INSERT INTO Ingredients(productID,ingredient_name) VALUES (18,'Ocean Spray - Ruby Red');
INSERT INTO Ingredients(productID,ingredient_name) VALUES (16,'Arizona - Green Tea');
INSERT INTO Ingredients(productID,ingredient_name) VALUES (7,'Appetizer - Southwestern');
INSERT INTO Ingredients(productID,ingredient_name) VALUES (34,'Plaintain');
INSERT INTO Ingredients(productID,ingredient_name) VALUES (30,'Extract Vanilla Pure');
INSERT INTO Ingredients(productID,ingredient_name) VALUES (42,'Monkfish - Fresh');
INSERT INTO Ingredients(productID,ingredient_name) VALUES (25,'Veal - Sweetbread');
INSERT INTO Ingredients(productID,ingredient_name) VALUES (17,'Food Colouring - Green');
INSERT INTO Ingredients(productID,ingredient_name) VALUES (7,'Wine - Charddonnay Errazuriz');
INSERT INTO Ingredients(productID,ingredient_name) VALUES (22,'Clams - Littleneck, Whole');
INSERT INTO Ingredients(productID,ingredient_name) VALUES (10,'Radish - Pickled');
INSERT INTO Ingredients(productID,ingredient_name) VALUES (29,'Sausage - Blood Pudding');
INSERT INTO Ingredients(productID,ingredient_name) VALUES (30,'Wine - Red, Mosaic Zweigelt');
INSERT INTO Ingredients(productID,ingredient_name) VALUES (36,'Cookie Trail Mix');
INSERT INTO Ingredients(productID,ingredient_name) VALUES (40,'Pastry - Raisin Muffin - Mini');
INSERT INTO Ingredients(productID,ingredient_name) VALUES (39,'Bagel - Ched Chs Presliced');
INSERT INTO Ingredients(productID,ingredient_name) VALUES (12,'Olives - Kalamata');
INSERT INTO Ingredients(productID,ingredient_name) VALUES (39,'Eggwhite Frozen');
INSERT INTO Ingredients(productID,ingredient_name) VALUES (14,'Hinge W Undercut');
INSERT INTO Ingredients(productID,ingredient_name) VALUES (41,'Croissants Thaw And Serve');
INSERT INTO Ingredients(productID,ingredient_name) VALUES (30,'Flavouring - Raspberry');
INSERT INTO Ingredients(productID,ingredient_name) VALUES (44,'Cheese - Parmesan Grated');
INSERT INTO Ingredients(productID,ingredient_name) VALUES (34,'External Supplier');
INSERT INTO Ingredients(productID,ingredient_name) VALUES (36,'Relish');
INSERT INTO Ingredients(productID,ingredient_name) VALUES (11,'Kohlrabi');
INSERT INTO Ingredients(productID,ingredient_name) VALUES (4,'Juice - Apple, 500 Ml');
INSERT INTO Ingredients(productID,ingredient_name) VALUES (31,'Fib N9 - Prague Powder');
INSERT INTO Ingredients(productID,ingredient_name) VALUES (11,'Chicken - Diced, Cooked');
INSERT INTO Ingredients(productID,ingredient_name) VALUES (2,'Wine - Barossa Valley Estate');
INSERT INTO Ingredients(productID,ingredient_name) VALUES (5,'Vaccum Bag 10x13');
INSERT INTO Ingredients(productID,ingredient_name) VALUES (13,'Napkin White');
INSERT INTO Ingredients(productID,ingredient_name) VALUES (16,'Cream Of Tartar');
INSERT INTO Ingredients(productID,ingredient_name) VALUES (20,'Foil - 4oz Custard Cup');
INSERT INTO Ingredients(productID,ingredient_name) VALUES (36,'Lamb - Whole Head Off,nz');
INSERT INTO Ingredients(productID,ingredient_name) VALUES (21,'Beef - Ground Medium');
INSERT INTO Ingredients(productID,ingredient_name) VALUES (15,'Spic And Span All Purpose');
INSERT INTO Ingredients(productID,ingredient_name) VALUES (37,'Amaretto');
INSERT INTO Ingredients(productID,ingredient_name) VALUES (20,'Cheese - Havarti, Salsa');
INSERT INTO Ingredients(productID,ingredient_name) VALUES (26,'Arizona - Green Tea');
INSERT INTO Ingredients(productID,ingredient_name) VALUES (40,'Cake - Box Window 10x10x2.5');
INSERT INTO Ingredients(productID,ingredient_name) VALUES (2,'Beef - Rib Roast, Capless');
INSERT INTO Ingredients(productID,ingredient_name) VALUES (27,'Kellogs Special K Cereal');
INSERT INTO Ingredients(productID,ingredient_name) VALUES (11,'Ice Cream - Vanilla');
INSERT INTO Ingredients(productID,ingredient_name) VALUES (27,'Compound - Pear');
INSERT INTO Ingredients(productID,ingredient_name) VALUES (10,'Wine - Shiraz Wolf Blass Premium');
INSERT INTO Ingredients(productID,ingredient_name) VALUES (16,'Apple - Delicious, Golden');
INSERT INTO Ingredients(productID,ingredient_name) VALUES (21,'Paper Cocktail Umberlla 80 - 180');
INSERT INTO Ingredients(productID,ingredient_name) VALUES (25,'Veal - Nuckle');
INSERT INTO Ingredients(productID,ingredient_name) VALUES (34,'Melon - Watermelon, Seedless');
INSERT INTO Ingredients(productID,ingredient_name) VALUES (1,'Beef - Baby, Liver');
INSERT INTO Ingredients(productID,ingredient_name) VALUES (16,'Bread - Rosemary Focaccia');
INSERT INTO Ingredients(productID,ingredient_name) VALUES (28,'Bread - Olive');
INSERT INTO Ingredients(productID,ingredient_name) VALUES (21,'Apples - Sliced / Wedge');
INSERT INTO Ingredients(productID,ingredient_name) VALUES (17,'Trout - Rainbow, Frozen');
INSERT INTO Ingredients(productID,ingredient_name) VALUES (36,'Nut - Walnut, Chopped');
INSERT INTO Ingredients(productID,ingredient_name) VALUES (23,'Pail - 4l White, With Handle');
INSERT INTO Ingredients(productID,ingredient_name) VALUES (3,'Baking Powder');
INSERT INTO Ingredients(productID,ingredient_name) VALUES (25,'Beef - Tongue, Cooked');
INSERT INTO Ingredients(productID,ingredient_name) VALUES (38,'Tomatoes - Diced, Canned');
INSERT INTO Ingredients(productID,ingredient_name) VALUES (14,'Wine - Winzer Krems Gruner');
INSERT INTO Ingredients(productID,ingredient_name) VALUES (3,'Shrimp - Black Tiger 16/20');
INSERT INTO Ingredients(productID,ingredient_name) VALUES (42,'Bread - 10 Grain');
INSERT INTO Ingredients(productID,ingredient_name) VALUES (27,'Cheese - Colby');
INSERT INTO Ingredients(productID,ingredient_name) VALUES (43,'Quail - Jumbo Boneless');
INSERT INTO Ingredients(productID,ingredient_name) VALUES (14,'Shrimp - Black Tiger 16/20');
INSERT INTO Ingredients(productID,ingredient_name) VALUES (23,'Wine - Conde De Valdemar');
INSERT INTO Ingredients(productID,ingredient_name) VALUES (15,'Water - Perrier');
INSERT INTO Ingredients(productID,ingredient_name) VALUES (15,'Mop Head - Cotton, 24 Oz');
INSERT INTO Ingredients(productID,ingredient_name) VALUES (22,'Chocolate - Milk');
INSERT INTO Ingredients(productID,ingredient_name) VALUES (20,'Slt - Individual Portions');
INSERT INTO Ingredients(productID,ingredient_name) VALUES (3,'Creme De Cacao Mcguines');
# 100 records
#--------------------------------------------------------------------------------------------------------------------------------------

#--------------------------------------------------------------------------------------------------------------------------------------
#
# Adding data for table 'Customer_Orders'
#
INSERT INTO Customer_Orders(orderID,units,order_date,customerID,productID) VALUES (1,2,'2023-01-29 03:59:42',16,11);
INSERT INTO Customer_Orders(orderID,units,order_date,customerID,productID) VALUES (2,2,'2023-03-08 03:20:14',15,37);
INSERT INTO Customer_Orders(orderID,units,order_date,customerID,productID) VALUES (3,5,'2022-10-22 20:16:25',49,9);
INSERT INTO Customer_Orders(orderID,units,order_date,customerID,productID) VALUES (4,3,'2023-03-27 06:14:55',3,12);
INSERT INTO Customer_Orders(orderID,units,order_date,customerID,productID) VALUES (5,1,'2023-03-17 18:41:35',45,30);
INSERT INTO Customer_Orders(orderID,units,order_date,customerID,productID) VALUES (6,8,'2023-02-10 07:20:19',17,41);
INSERT INTO Customer_Orders(orderID,units,order_date,customerID,productID) VALUES (7,4,'2023-02-27 11:54:07',67,9);
INSERT INTO Customer_Orders(orderID,units,order_date,customerID,productID) VALUES (8,2,'2022-12-03 09:13:55',21,16);
INSERT INTO Customer_Orders(orderID,units,order_date,customerID,productID) VALUES (9,1,'2023-01-05 00:30:54',46,27);
INSERT INTO Customer_Orders(orderID,units,order_date,customerID,productID) VALUES (10,3,'2023-03-20 23:51:39',70,26);
INSERT INTO Customer_Orders(orderID,units,order_date,customerID,productID) VALUES (11,9,'2023-04-11 21:00:50',31,28);
INSERT INTO Customer_Orders(orderID,units,order_date,customerID,productID) VALUES (12,10,'2023-03-21 11:53:01',27,37);
INSERT INTO Customer_Orders(orderID,units,order_date,customerID,productID) VALUES (13,6,'2022-10-20 13:49:06',12,11);
INSERT INTO Customer_Orders(orderID,units,order_date,customerID,productID) VALUES (14,4,'2023-03-04 11:03:14',41,3);
INSERT INTO Customer_Orders(orderID,units,order_date,customerID,productID) VALUES (15,8,'2022-11-21 21:25:02',68,31);
INSERT INTO Customer_Orders(orderID,units,order_date,customerID,productID) VALUES (16,7,'2023-03-02 19:28:36',61,28);
INSERT INTO Customer_Orders(orderID,units,order_date,customerID,productID) VALUES (17,5,'2022-12-14 08:44:15',30,11);
INSERT INTO Customer_Orders(orderID,units,order_date,customerID,productID) VALUES (18,7,'2023-04-03 11:18:07',67,41);
INSERT INTO Customer_Orders(orderID,units,order_date,customerID,productID) VALUES (19,6,'2023-03-23 04:00:36',68,23);
INSERT INTO Customer_Orders(orderID,units,order_date,customerID,productID) VALUES (20,4,'2023-02-25 17:19:21',11,20);
INSERT INTO Customer_Orders(orderID,units,order_date,customerID,productID) VALUES (21,2,'2023-01-26 15:21:12',19,45);
INSERT INTO Customer_Orders(orderID,units,order_date,customerID,productID) VALUES (22,6,'2022-11-09 18:01:56',59,39);
INSERT INTO Customer_Orders(orderID,units,order_date,customerID,productID) VALUES (23,2,'2022-10-21 06:23:45',13,43);
INSERT INTO Customer_Orders(orderID,units,order_date,customerID,productID) VALUES (24,7,'2023-03-17 08:07:30',34,16);
INSERT INTO Customer_Orders(orderID,units,order_date,customerID,productID) VALUES (25,10,'2022-12-06 15:05:31',26,37);
INSERT INTO Customer_Orders(orderID,units,order_date,customerID,productID) VALUES (26,4,'2022-12-20 01:24:22',15,40);
INSERT INTO Customer_Orders(orderID,units,order_date,customerID,productID) VALUES (27,3,'2022-12-13 04:10:44',65,17);
INSERT INTO Customer_Orders(orderID,units,order_date,customerID,productID) VALUES (28,9,'2022-11-01 22:02:12',17,15);
INSERT INTO Customer_Orders(orderID,units,order_date,customerID,productID) VALUES (29,5,'2022-11-28 06:43:01',54,32);
INSERT INTO Customer_Orders(orderID,units,order_date,customerID,productID) VALUES (30,1,'2023-01-15 16:46:14',5,21);
INSERT INTO Customer_Orders(orderID,units,order_date,customerID,productID) VALUES (31,3,'2023-01-02 19:23:48',56,26);
INSERT INTO Customer_Orders(orderID,units,order_date,customerID,productID) VALUES (32,9,'2022-11-18 09:06:41',1,32);
INSERT INTO Customer_Orders(orderID,units,order_date,customerID,productID) VALUES (33,6,'2023-02-10 00:09:55',48,31);
INSERT INTO Customer_Orders(orderID,units,order_date,customerID,productID) VALUES (34,6,'2022-10-22 08:46:56',36,28);
INSERT INTO Customer_Orders(orderID,units,order_date,customerID,productID) VALUES (35,2,'2022-11-29 01:42:14',61,39);
INSERT INTO Customer_Orders(orderID,units,order_date,customerID,productID) VALUES (36,3,'2022-12-01 07:13:42',8,9);
INSERT INTO Customer_Orders(orderID,units,order_date,customerID,productID) VALUES (37,2,'2023-01-26 02:31:38',42,20);
INSERT INTO Customer_Orders(orderID,units,order_date,customerID,productID) VALUES (38,2,'2023-01-24 16:18:05',4,13);
INSERT INTO Customer_Orders(orderID,units,order_date,customerID,productID) VALUES (39,9,'2022-12-18 22:07:15',29,34);
INSERT INTO Customer_Orders(orderID,units,order_date,customerID,productID) VALUES (40,3,'2022-10-25 03:58:50',70,39);
INSERT INTO Customer_Orders(orderID,units,order_date,customerID,productID) VALUES (41,10,'2023-01-05 22:26:02',15,5);
INSERT INTO Customer_Orders(orderID,units,order_date,customerID,productID) VALUES (42,3,'2023-03-03 08:00:37',10,26);
INSERT INTO Customer_Orders(orderID,units,order_date,customerID,productID) VALUES (43,6,'2023-01-09 01:35:51',47,23);
INSERT INTO Customer_Orders(orderID,units,order_date,customerID,productID) VALUES (44,10,'2023-02-13 07:09:51',66,31);
INSERT INTO Customer_Orders(orderID,units,order_date,customerID,productID) VALUES (45,1,'2022-12-22 11:14:42',69,37);
INSERT INTO Customer_Orders(orderID,units,order_date,customerID,productID) VALUES (46,4,'2022-11-23 20:20:39',13,16);
INSERT INTO Customer_Orders(orderID,units,order_date,customerID,productID) VALUES (47,5,'2022-12-24 09:40:59',47,7);
INSERT INTO Customer_Orders(orderID,units,order_date,customerID,productID) VALUES (48,7,'2022-11-25 19:50:46',44,33);
INSERT INTO Customer_Orders(orderID,units,order_date,customerID,productID) VALUES (49,5,'2022-10-21 13:42:25',31,9);
INSERT INTO Customer_Orders(orderID,units,order_date,customerID,productID) VALUES (50,10,'2022-12-30 02:37:12',24,23);
INSERT INTO Customer_Orders(orderID,units,order_date,customerID,productID) VALUES (51,1,'2022-11-14 11:08:15',22,14);
INSERT INTO Customer_Orders(orderID,units,order_date,customerID,productID) VALUES (52,3,'2023-01-02 23:20:46',35,34);
INSERT INTO Customer_Orders(orderID,units,order_date,customerID,productID) VALUES (53,3,'2023-02-03 10:10:57',16,17);
INSERT INTO Customer_Orders(orderID,units,order_date,customerID,productID) VALUES (54,3,'2022-10-25 15:05:36',38,6);
INSERT INTO Customer_Orders(orderID,units,order_date,customerID,productID) VALUES (55,9,'2022-11-07 15:09:47',48,43);
INSERT INTO Customer_Orders(orderID,units,order_date,customerID,productID) VALUES (56,9,'2022-12-05 13:02:02',11,25);
INSERT INTO Customer_Orders(orderID,units,order_date,customerID,productID) VALUES (57,5,'2022-12-17 01:48:37',68,38);
INSERT INTO Customer_Orders(orderID,units,order_date,customerID,productID) VALUES (58,6,'2023-03-07 15:46:05',17,23);
INSERT INTO Customer_Orders(orderID,units,order_date,customerID,productID) VALUES (59,4,'2022-11-18 17:16:09',33,12);
INSERT INTO Customer_Orders(orderID,units,order_date,customerID,productID) VALUES (60,1,'2023-02-23 03:13:24',62,28);
INSERT INTO Customer_Orders(orderID,units,order_date,customerID,productID) VALUES (61,10,'2022-10-28 03:05:25',37,5);
INSERT INTO Customer_Orders(orderID,units,order_date,customerID,productID) VALUES (62,8,'2022-11-24 02:34:46',66,32);
INSERT INTO Customer_Orders(orderID,units,order_date,customerID,productID) VALUES (63,2,'2023-03-27 10:52:51',18,33);
INSERT INTO Customer_Orders(orderID,units,order_date,customerID,productID) VALUES (64,2,'2022-12-02 02:16:41',44,45);
INSERT INTO Customer_Orders(orderID,units,order_date,customerID,productID) VALUES (65,2,'2023-02-22 09:51:56',7,33);
INSERT INTO Customer_Orders(orderID,units,order_date,customerID,productID) VALUES (66,4,'2023-01-17 15:05:48',21,36);
INSERT INTO Customer_Orders(orderID,units,order_date,customerID,productID) VALUES (67,9,'2022-10-18 15:50:04',42,13);
INSERT INTO Customer_Orders(orderID,units,order_date,customerID,productID) VALUES (68,1,'2022-12-03 10:33:27',63,5);
INSERT INTO Customer_Orders(orderID,units,order_date,customerID,productID) VALUES (69,7,'2023-02-11 02:31:35',54,39);
INSERT INTO Customer_Orders(orderID,units,order_date,customerID,productID) VALUES (70,8,'2022-11-02 11:49:17',68,14);
INSERT INTO Customer_Orders(orderID,units,order_date,customerID,productID) VALUES (71,2,'2023-02-22 16:35:28',26,6);
INSERT INTO Customer_Orders(orderID,units,order_date,customerID,productID) VALUES (72,7,'2023-01-07 18:18:31',24,9);
INSERT INTO Customer_Orders(orderID,units,order_date,customerID,productID) VALUES (73,9,'2023-01-23 16:15:45',23,35);
INSERT INTO Customer_Orders(orderID,units,order_date,customerID,productID) VALUES (74,1,'2022-12-22 04:33:28',28,12);
INSERT INTO Customer_Orders(orderID,units,order_date,customerID,productID) VALUES (75,3,'2023-04-14 08:33:14',4,39);
INSERT INTO Customer_Orders(orderID,units,order_date,customerID,productID) VALUES (77,1,'2023-03-19 01:51:24',5,8);
INSERT INTO Customer_Orders(orderID,units,order_date,customerID,productID) VALUES (78,6,'2023-02-18 14:41:12',31,40);
INSERT INTO Customer_Orders(orderID,units,order_date,customerID,productID) VALUES (79,1,'2022-12-26 04:24:58',27,11);
INSERT INTO Customer_Orders(orderID,units,order_date,customerID,productID) VALUES (80,6,'2022-10-30 03:07:35',13,45);
INSERT INTO Customer_Orders(orderID,units,order_date,customerID,productID) VALUES (81,4,'2022-11-10 16:58:51',57,13);
INSERT INTO Customer_Orders(orderID,units,order_date,customerID,productID) VALUES (82,6,'2023-04-05 09:20:12',10,22);
INSERT INTO Customer_Orders(orderID,units,order_date,customerID,productID) VALUES (83,4,'2023-01-08 19:42:45',48,11);
INSERT INTO Customer_Orders(orderID,units,order_date,customerID,productID) VALUES (84,6,'2022-11-08 02:03:20',59,34);
INSERT INTO Customer_Orders(orderID,units,order_date,customerID,productID) VALUES (85,5,'2023-02-15 04:43:32',38,23);
INSERT INTO Customer_Orders(orderID,units,order_date,customerID,productID) VALUES (86,5,'2023-03-30 20:02:59',34,3);
INSERT INTO Customer_Orders(orderID,units,order_date,customerID,productID) VALUES (87,6,'2023-01-09 14:51:03',58,43);
INSERT INTO Customer_Orders(orderID,units,order_date,customerID,productID) VALUES (88,3,'2022-12-27 07:01:03',70,32);
INSERT INTO Customer_Orders(orderID,units,order_date,customerID,productID) VALUES (89,4,'2023-02-11 07:36:11',44,12);
INSERT INTO Customer_Orders(orderID,units,order_date,customerID,productID) VALUES (90,5,'2022-11-20 12:00:03',43,19);
INSERT INTO Customer_Orders(orderID,units,order_date,customerID,productID) VALUES (91,10,'2022-11-22 14:07:16',20,33);
INSERT INTO Customer_Orders(orderID,units,order_date,customerID,productID) VALUES (92,5,'2023-04-05 12:12:38',1,38);
INSERT INTO Customer_Orders(orderID,units,order_date,customerID,productID) VALUES (93,3,'2022-11-14 11:45:45',18,42);
INSERT INTO Customer_Orders(orderID,units,order_date,customerID,productID) VALUES (94,8,'2023-02-11 18:13:51',11,4);
INSERT INTO Customer_Orders(orderID,units,order_date,customerID,productID) VALUES (95,4,'2022-11-28 02:24:40',27,10);
INSERT INTO Customer_Orders(orderID,units,order_date,customerID,productID) VALUES (96,5,'2022-12-16 05:35:34',66,8);
INSERT INTO Customer_Orders(orderID,units,order_date,customerID,productID) VALUES (97,9,'2023-03-19 16:54:57',49,16);
INSERT INTO Customer_Orders(orderID,units,order_date,customerID,productID) VALUES (98,3,'2022-12-24 23:14:47',25,9);
INSERT INTO Customer_Orders(orderID,units,order_date,customerID,productID) VALUES (99,7,'2023-01-06 10:06:09',5,31);
INSERT INTO Customer_Orders(orderID,units,order_date,customerID,productID) VALUES (100,7,'2023-03-17 06:07:42',36,38);
INSERT INTO Customer_Orders(orderID,units,order_date,customerID,productID) VALUES (101,7,'2023-04-14 10:05:00',57,35);
INSERT INTO Customer_Orders(orderID,units,order_date,customerID,productID) VALUES (102,3,'2022-11-19 11:27:19',68,21);
# 100 records
#--------------------------------------------------------------------------------------------------------------------------------------

#--------------------------------------------------------------------------------------------------------------------------------------
#
# Adding data for table 'Prod_Cust'
#
INSERT INTO Prod_Cust(productID,customerID) VALUES (35,11);
INSERT INTO Prod_Cust(productID,customerID) VALUES (45,9);
INSERT INTO Prod_Cust(productID,customerID) VALUES (30,42);
INSERT INTO Prod_Cust(productID,customerID) VALUES (17,47);
INSERT INTO Prod_Cust(productID,customerID) VALUES (2,1);
INSERT INTO Prod_Cust(productID,customerID) VALUES (12,18);
INSERT INTO Prod_Cust(productID,customerID) VALUES (8,68);
INSERT INTO Prod_Cust(productID,customerID) VALUES (34,43);
INSERT INTO Prod_Cust(productID,customerID) VALUES (13,70);
INSERT INTO Prod_Cust(productID,customerID) VALUES (10,48);
INSERT INTO Prod_Cust(productID,customerID) VALUES (42,5);
INSERT INTO Prod_Cust(productID,customerID) VALUES (7,55);
INSERT INTO Prod_Cust(productID,customerID) VALUES (26,40);
INSERT INTO Prod_Cust(productID,customerID) VALUES (7,50);
INSERT INTO Prod_Cust(productID,customerID) VALUES (25,66);
INSERT INTO Prod_Cust(productID,customerID) VALUES (43,67);
INSERT INTO Prod_Cust(productID,customerID) VALUES (26,14);
INSERT INTO Prod_Cust(productID,customerID) VALUES (18,47);
INSERT INTO Prod_Cust(productID,customerID) VALUES (7,58);
INSERT INTO Prod_Cust(productID,customerID) VALUES (1,39);
INSERT INTO Prod_Cust(productID,customerID) VALUES (44,12);
INSERT INTO Prod_Cust(productID,customerID) VALUES (30,49);
INSERT INTO Prod_Cust(productID,customerID) VALUES (39,31);
INSERT INTO Prod_Cust(productID,customerID) VALUES (44,9);
INSERT INTO Prod_Cust(productID,customerID) VALUES (8,56);
INSERT INTO Prod_Cust(productID,customerID) VALUES (15,13);
INSERT INTO Prod_Cust(productID,customerID) VALUES (44,57);
INSERT INTO Prod_Cust(productID,customerID) VALUES (12,66);
INSERT INTO Prod_Cust(productID,customerID) VALUES (24,63);
INSERT INTO Prod_Cust(productID,customerID) VALUES (28,21);
INSERT INTO Prod_Cust(productID,customerID) VALUES (4,58);
INSERT INTO Prod_Cust(productID,customerID) VALUES (44,38);
INSERT INTO Prod_Cust(productID,customerID) VALUES (44,69);
INSERT INTO Prod_Cust(productID,customerID) VALUES (6,9);
INSERT INTO Prod_Cust(productID,customerID) VALUES (39,7);
INSERT INTO Prod_Cust(productID,customerID) VALUES (10,37);
INSERT INTO Prod_Cust(productID,customerID) VALUES (26,34);
INSERT INTO Prod_Cust(productID,customerID) VALUES (6,53);
INSERT INTO Prod_Cust(productID,customerID) VALUES (20,14);
INSERT INTO Prod_Cust(productID,customerID) VALUES (2,26);
INSERT INTO Prod_Cust(productID,customerID) VALUES (41,65);
INSERT INTO Prod_Cust(productID,customerID) VALUES (45,33);
INSERT INTO Prod_Cust(productID,customerID) VALUES (13,32);
INSERT INTO Prod_Cust(productID,customerID) VALUES (5,7);
INSERT INTO Prod_Cust(productID,customerID) VALUES (32,43);
INSERT INTO Prod_Cust(productID,customerID) VALUES (20,9);
INSERT INTO Prod_Cust(productID,customerID) VALUES (8,30);
INSERT INTO Prod_Cust(productID,customerID) VALUES (38,70);
INSERT INTO Prod_Cust(productID,customerID) VALUES (19,4);
INSERT INTO Prod_Cust(productID,customerID) VALUES (38,14);
INSERT INTO Prod_Cust(productID,customerID) VALUES (2,29);
INSERT INTO Prod_Cust(productID,customerID) VALUES (40,13);
INSERT INTO Prod_Cust(productID,customerID) VALUES (16,28);
INSERT INTO Prod_Cust(productID,customerID) VALUES (43,18);
INSERT INTO Prod_Cust(productID,customerID) VALUES (13,17);
INSERT INTO Prod_Cust(productID,customerID) VALUES (22,23);
INSERT INTO Prod_Cust(productID,customerID) VALUES (45,3);
INSERT INTO Prod_Cust(productID,customerID) VALUES (44,49);
INSERT INTO Prod_Cust(productID,customerID) VALUES (5,6);
INSERT INTO Prod_Cust(productID,customerID) VALUES (18,1);
INSERT INTO Prod_Cust(productID,customerID) VALUES (30,26);
INSERT INTO Prod_Cust(productID,customerID) VALUES (11,23);
INSERT INTO Prod_Cust(productID,customerID) VALUES (35,13);
INSERT INTO Prod_Cust(productID,customerID) VALUES (38,9);
INSERT INTO Prod_Cust(productID,customerID) VALUES (36,66);
INSERT INTO Prod_Cust(productID,customerID) VALUES (11,45);
INSERT INTO Prod_Cust(productID,customerID) VALUES (35,28);
INSERT INTO Prod_Cust(productID,customerID) VALUES (1,29);
INSERT INTO Prod_Cust(productID,customerID) VALUES (41,1);
INSERT INTO Prod_Cust(productID,customerID) VALUES (4,51);
INSERT INTO Prod_Cust(productID,customerID) VALUES (22,65);
INSERT INTO Prod_Cust(productID,customerID) VALUES (13,69);
INSERT INTO Prod_Cust(productID,customerID) VALUES (24,4);
INSERT INTO Prod_Cust(productID,customerID) VALUES (9,12);
INSERT INTO Prod_Cust(productID,customerID) VALUES (15,61);
INSERT INTO Prod_Cust(productID,customerID) VALUES (38,54);
INSERT INTO Prod_Cust(productID,customerID) VALUES (3,48);
INSERT INTO Prod_Cust(productID,customerID) VALUES (13,16);
INSERT INTO Prod_Cust(productID,customerID) VALUES (7,44);
INSERT INTO Prod_Cust(productID,customerID) VALUES (41,17);
INSERT INTO Prod_Cust(productID,customerID) VALUES (30,34);
INSERT INTO Prod_Cust(productID,customerID) VALUES (39,52);
INSERT INTO Prod_Cust(productID,customerID) VALUES (9,47);
INSERT INTO Prod_Cust(productID,customerID) VALUES (14,4);
INSERT INTO Prod_Cust(productID,customerID) VALUES (37,28);
INSERT INTO Prod_Cust(productID,customerID) VALUES (22,9);
INSERT INTO Prod_Cust(productID,customerID) VALUES (34,51);
INSERT INTO Prod_Cust(productID,customerID) VALUES (20,21);
INSERT INTO Prod_Cust(productID,customerID) VALUES (22,38);
INSERT INTO Prod_Cust(productID,customerID) VALUES (39,69);
INSERT INTO Prod_Cust(productID,customerID) VALUES (43,37);
INSERT INTO Prod_Cust(productID,customerID) VALUES (17,9);
INSERT INTO Prod_Cust(productID,customerID) VALUES (36,68);
INSERT INTO Prod_Cust(productID,customerID) VALUES (4,64);
INSERT INTO Prod_Cust(productID,customerID) VALUES (9,15);
INSERT INTO Prod_Cust(productID,customerID) VALUES (43,39);
INSERT INTO Prod_Cust(productID,customerID) VALUES (45,30);
INSERT INTO Prod_Cust(productID,customerID) VALUES (32,11);
INSERT INTO Prod_Cust(productID,customerID) VALUES (10,56);
INSERT INTO Prod_Cust(productID,customerID) VALUES (33,20);
INSERT INTO Prod_Cust(productID,customerID) VALUES (12,20);
# 100 records
#--------------------------------------------------------------------------------------------------------------------------------------

#--------------------------------------------------------------------------------------------------------------------------------------
#
# Adding data for table 'Suppliers'
#
INSERT INTO Suppliers(supplierID,company_name,street_address,city,state,zipcode,contact_l_name,contact_f_name,phone_num,email) VALUES (1,'Effertz-Fadel','27 Coleman Lane','Atlanta','Georgia',30386,'Brocklesby','Evvy','404-775-3683','ebrocklesby0@techcrunch.com');
INSERT INTO Suppliers(supplierID,company_name,street_address,city,state,zipcode,contact_l_name,contact_f_name,phone_num,email) VALUES (2,'Weber and Sons','17662 Jackson Street','Whittier','California',90605,'Benza','Ad','626-974-6587','abenza1@goo.gl');
INSERT INTO Suppliers(supplierID,company_name,street_address,city,state,zipcode,contact_l_name,contact_f_name,phone_num,email) VALUES (3,'Kunde-Ernser','289 Elmside Junction','Trenton','New Jersey',08695,'Thairs','Ritchie','609-930-3134','rthairs2@wordpress.org');
INSERT INTO Suppliers(supplierID,company_name,street_address,city,state,zipcode,contact_l_name,contact_f_name,phone_num,email) VALUES (4,'Crooks, Pfannerstill and Kuvalis','97028 Talmadge Alley','Austin','Texas',78783,'Timny','Griffin','512-343-1852','gtimny3@cafepress.com');
INSERT INTO Suppliers(supplierID,company_name,street_address,city,state,zipcode,contact_l_name,contact_f_name,phone_num,email) VALUES (5,'Ebert-Harris','16285 Crownhardt Crossing','Albany','New York',12205,'Leader','Klara','518-207-2490','kleader4@fema.gov');
INSERT INTO Suppliers(supplierID,company_name,street_address,city,state,zipcode,contact_l_name,contact_f_name,phone_num,email) VALUES (6,'Breitenberg, Murazik and Upton','0 Express Street','Phoenix','Arizona',85077,'Robilart','Armando','602-516-8258','arobilart5@addthis.com');
INSERT INTO Suppliers(supplierID,company_name,street_address,city,state,zipcode,contact_l_name,contact_f_name,phone_num,email) VALUES (7,'Schinner LLC','4 Hanson Crossing','Youngstown','Ohio',44505,'Rowbotham','Dan','330-787-0528','drowbotham6@fc2.com');
INSERT INTO Suppliers(supplierID,company_name,street_address,city,state,zipcode,contact_l_name,contact_f_name,phone_num,email) VALUES (8,'Mills-Greenholt','66 Gina Drive','Miami','Florida',33196,'Wegener','Renie','305-846-4892','rwegener7@mlb.com');
INSERT INTO Suppliers(supplierID,company_name,street_address,city,state,zipcode,contact_l_name,contact_f_name,phone_num,email) VALUES (9,'Cremin-Hand','6239 Eliot Parkway','Kansas City','Missouri',64144,'Petroff','Abbe','816-138-8451','apetroff8@blogs.com');
INSERT INTO Suppliers(supplierID,company_name,street_address,city,state,zipcode,contact_l_name,contact_f_name,phone_num,email) VALUES (10,'Bayer LLC','86 Walton Lane','Minneapolis','Minnesota',55428,'Robey','Cyrill','763-213-7811','crobey9@wisc.edu');
INSERT INTO Suppliers(supplierID,company_name,street_address,city,state,zipcode,contact_l_name,contact_f_name,phone_num,email) VALUES (11,'Parisian, Runolfsson and Beahan','16955 Swallow Trail','Houston','Texas',77075,'Castellini','Garth','832-986-9693','gcastellinia@ycombinator.com');
INSERT INTO Suppliers(supplierID,company_name,street_address,city,state,zipcode,contact_l_name,contact_f_name,phone_num,email) VALUES (12,'Bayer-Osinski','5 Lerdahl Street','Lakewood','Washington',98498,'Chominski','Jarrod','253-811-2180','jchominskib@bloomberg.com');
INSERT INTO Suppliers(supplierID,company_name,street_address,city,state,zipcode,contact_l_name,contact_f_name,phone_num,email) VALUES (13,'Wilderman-Runte','1 Mcbride Place','Jacksonville','Florida',32220,'Airds','Kacy','904-643-1213','kairdsc@amazonaws.com');
INSERT INTO Suppliers(supplierID,company_name,street_address,city,state,zipcode,contact_l_name,contact_f_name,phone_num,email) VALUES (14,'Ratke and Sons','0936 Pearson Trail','Tacoma','Washington',98447,'Bampkin','Cati','253-264-8814','cbampkind@berkeley.edu');
INSERT INTO Suppliers(supplierID,company_name,street_address,city,state,zipcode,contact_l_name,contact_f_name,phone_num,email) VALUES (15,'Vandervort-Braun','22 Di Loreto Alley','Los Angeles','California',90020,'Philip','Monty','626-542-5066','mphilipe@wordpress.com');
INSERT INTO Suppliers(supplierID,company_name,street_address,city,state,zipcode,contact_l_name,contact_f_name,phone_num,email) VALUES (16,'Wiza-Green','14823 Melvin Alley','Austin','Texas',78732,'Hardstaff','Dagny','512-531-4446','dhardstafff@china.com.cn');
INSERT INTO Suppliers(supplierID,company_name,street_address,city,state,zipcode,contact_l_name,contact_f_name,phone_num,email) VALUES (17,'Ullrich Inc','26578 Arapahoe Parkway','Denver','Colorado',80299,'Ferns','Traci','720-659-7707','tfernsg@cpanel.net');
INSERT INTO Suppliers(supplierID,company_name,street_address,city,state,zipcode,contact_l_name,contact_f_name,phone_num,email) VALUES (18,'Schuppe, Kessler and Stanton','147 Hagan Hill','Washington','District of Columbia',20260,'Rickertsen','Armstrong','202-344-6322','arickertsenh@facebook.com');
INSERT INTO Suppliers(supplierID,company_name,street_address,city,state,zipcode,contact_l_name,contact_f_name,phone_num,email) VALUES (19,'Purdy-Kertzmann','5137 Eagan Lane','Glendale','California',91210,'Fawlkes','Vicki','818-628-7650','vfawlkesi@technorati.com');
INSERT INTO Suppliers(supplierID,company_name,street_address,city,state,zipcode,contact_l_name,contact_f_name,phone_num,email) VALUES (20,'Leannon LLC','5 Delaware Drive','Roanoke','Virginia',24048,'Bullimore','Levon','540-911-4094','lbullimorej@shop-pro.jp');
INSERT INTO Suppliers(supplierID,company_name,street_address,city,state,zipcode,contact_l_name,contact_f_name,phone_num,email) VALUES (21,'Reilly-Ritchie','5 Shopko Crossing','Pueblo','Colorado',81010,'Jaeggi','Conchita','719-466-2133','cjaeggik@spiegel.de');
INSERT INTO Suppliers(supplierID,company_name,street_address,city,state,zipcode,contact_l_name,contact_f_name,phone_num,email) VALUES (22,'Langosh Group','5157 Carberry Alley','Madison','Wisconsin',53790,'Snookes','Tabbi','608-311-3928','tsnookesl@elpais.com');
INSERT INTO Suppliers(supplierID,company_name,street_address,city,state,zipcode,contact_l_name,contact_f_name,phone_num,email) VALUES (23,'Brekke and Sons','031 Mosinee Trail','Hollywood','Florida',33028,'Grout','Brion','305-356-2934','bgroutm@tinyurl.com');
INSERT INTO Suppliers(supplierID,company_name,street_address,city,state,zipcode,contact_l_name,contact_f_name,phone_num,email) VALUES (24,'Carroll, White and Zemlak','743 Straubel Terrace','Lakewood','Washington',98498,'Wintersgill','Padraic','253-198-5681','pwintersgilln@blogger.com');
INSERT INTO Suppliers(supplierID,company_name,street_address,city,state,zipcode,contact_l_name,contact_f_name,phone_num,email) VALUES (25,'Harber, Johns and Padberg','77 Fremont Crossing','San Jose','California',95160,'Widdicombe','Kara','408-671-6847','kwiddicombeo@ucla.edu');
# 25 records
#--------------------------------------------------------------------------------------------------------------------------------------

#--------------------------------------------------------------------------------------------------------------------------------------
#
# Adding data for table 'Stocking_Expenses'
#
INSERT INTO Stocking_Expenses(weekly_start_date,weekly_cost,storeID,productID) VALUES ('12/11/2022','$790.96',1,26);
INSERT INTO Stocking_Expenses(weekly_start_date,weekly_cost,storeID,productID) VALUES ('1/19/2023','$840.75',5,37);
INSERT INTO Stocking_Expenses(weekly_start_date,weekly_cost,storeID,productID) VALUES ('3/10/2023','$872.32',2,35);
INSERT INTO Stocking_Expenses(weekly_start_date,weekly_cost,storeID,productID) VALUES ('3/9/2023','$881.24',2,33);
INSERT INTO Stocking_Expenses(weekly_start_date,weekly_cost,storeID,productID) VALUES ('11/28/2022','$811.20',2,12);
INSERT INTO Stocking_Expenses(weekly_start_date,weekly_cost,storeID,productID) VALUES ('11/16/2022','$796.67',3,12);
INSERT INTO Stocking_Expenses(weekly_start_date,weekly_cost,storeID,productID) VALUES ('12/24/2022','$729.98',6,40);
INSERT INTO Stocking_Expenses(weekly_start_date,weekly_cost,storeID,productID) VALUES ('11/5/2022','$729.85',9,28);
INSERT INTO Stocking_Expenses(weekly_start_date,weekly_cost,storeID,productID) VALUES ('1/20/2023','$866.01',2,30);
INSERT INTO Stocking_Expenses(weekly_start_date,weekly_cost,storeID,productID) VALUES ('12/9/2022','$871.69',8,31);
INSERT INTO Stocking_Expenses(weekly_start_date,weekly_cost,storeID,productID) VALUES ('3/18/2023','$858.58',8,16);
INSERT INTO Stocking_Expenses(weekly_start_date,weekly_cost,storeID,productID) VALUES ('12/7/2022','$745.39',3,7);
INSERT INTO Stocking_Expenses(weekly_start_date,weekly_cost,storeID,productID) VALUES ('2/15/2023','$722.40',2,41);
INSERT INTO Stocking_Expenses(weekly_start_date,weekly_cost,storeID,productID) VALUES ('11/4/2022','$772.66',10,3);
INSERT INTO Stocking_Expenses(weekly_start_date,weekly_cost,storeID,productID) VALUES ('10/28/2022','$804.83',7,9);
INSERT INTO Stocking_Expenses(weekly_start_date,weekly_cost,storeID,productID) VALUES ('3/22/2023','$890.50',5,33);
INSERT INTO Stocking_Expenses(weekly_start_date,weekly_cost,storeID,productID) VALUES ('12/17/2022','$737.25',6,12);
INSERT INTO Stocking_Expenses(weekly_start_date,weekly_cost,storeID,productID) VALUES ('11/30/2022','$850.83',7,16);
INSERT INTO Stocking_Expenses(weekly_start_date,weekly_cost,storeID,productID) VALUES ('11/3/2022','$835.96',1,8);
INSERT INTO Stocking_Expenses(weekly_start_date,weekly_cost,storeID,productID) VALUES ('3/18/2023','$895.14',4,24);
INSERT INTO Stocking_Expenses(weekly_start_date,weekly_cost,storeID,productID) VALUES ('3/23/2023','$879.18',1,23);
INSERT INTO Stocking_Expenses(weekly_start_date,weekly_cost,storeID,productID) VALUES ('4/16/2023','$824.78',5,8);
INSERT INTO Stocking_Expenses(weekly_start_date,weekly_cost,storeID,productID) VALUES ('12/10/2022','$780.35',4,30);
INSERT INTO Stocking_Expenses(weekly_start_date,weekly_cost,storeID,productID) VALUES ('11/11/2022','$870.45',6,11);
INSERT INTO Stocking_Expenses(weekly_start_date,weekly_cost,storeID,productID) VALUES ('3/28/2023','$848.96',5,23);
INSERT INTO Stocking_Expenses(weekly_start_date,weekly_cost,storeID,productID) VALUES ('4/12/2023','$859.94',9,33);
INSERT INTO Stocking_Expenses(weekly_start_date,weekly_cost,storeID,productID) VALUES ('11/9/2022','$892.72',10,13);
INSERT INTO Stocking_Expenses(weekly_start_date,weekly_cost,storeID,productID) VALUES ('1/4/2023','$726.75',2,22);
INSERT INTO Stocking_Expenses(weekly_start_date,weekly_cost,storeID,productID) VALUES ('11/13/2022','$821.17',6,5);
INSERT INTO Stocking_Expenses(weekly_start_date,weekly_cost,storeID,productID) VALUES ('3/17/2023','$878.15',1,37);
INSERT INTO Stocking_Expenses(weekly_start_date,weekly_cost,storeID,productID) VALUES ('2/17/2023','$704.05',4,40);
INSERT INTO Stocking_Expenses(weekly_start_date,weekly_cost,storeID,productID) VALUES ('11/30/2022','$715.26',8,19);
INSERT INTO Stocking_Expenses(weekly_start_date,weekly_cost,storeID,productID) VALUES ('3/17/2023','$755.76',6,18);
INSERT INTO Stocking_Expenses(weekly_start_date,weekly_cost,storeID,productID) VALUES ('2/7/2023','$745.42',6,6);
INSERT INTO Stocking_Expenses(weekly_start_date,weekly_cost,storeID,productID) VALUES ('1/22/2023','$758.82',10,36);
INSERT INTO Stocking_Expenses(weekly_start_date,weekly_cost,storeID,productID) VALUES ('10/28/2022','$851.18',9,36);
INSERT INTO Stocking_Expenses(weekly_start_date,weekly_cost,storeID,productID) VALUES ('10/19/2022','$791.45',7,38);
INSERT INTO Stocking_Expenses(weekly_start_date,weekly_cost,storeID,productID) VALUES ('3/26/2023','$722.87',4,34);
INSERT INTO Stocking_Expenses(weekly_start_date,weekly_cost,storeID,productID) VALUES ('12/6/2022','$788.09',8,45);
INSERT INTO Stocking_Expenses(weekly_start_date,weekly_cost,storeID,productID) VALUES ('1/9/2023','$710.65',7,24);
INSERT INTO Stocking_Expenses(weekly_start_date,weekly_cost,storeID,productID) VALUES ('4/12/2023','$739.89',8,26);
INSERT INTO Stocking_Expenses(weekly_start_date,weekly_cost,storeID,productID) VALUES ('3/4/2023','$781.49',6,45);
INSERT INTO Stocking_Expenses(weekly_start_date,weekly_cost,storeID,productID) VALUES ('12/9/2022','$832.90',9,35);
INSERT INTO Stocking_Expenses(weekly_start_date,weekly_cost,storeID,productID) VALUES ('4/11/2023','$753.60',2,10);
INSERT INTO Stocking_Expenses(weekly_start_date,weekly_cost,storeID,productID) VALUES ('11/13/2022','$741.12',10,28);
INSERT INTO Stocking_Expenses(weekly_start_date,weekly_cost,storeID,productID) VALUES ('12/4/2022','$833.62',9,37);
INSERT INTO Stocking_Expenses(weekly_start_date,weekly_cost,storeID,productID) VALUES ('3/10/2023','$730.68',8,9);
INSERT INTO Stocking_Expenses(weekly_start_date,weekly_cost,storeID,productID) VALUES ('1/16/2023','$779.83',9,42);
INSERT INTO Stocking_Expenses(weekly_start_date,weekly_cost,storeID,productID) VALUES ('2/3/2023','$719.87',9,38);
INSERT INTO Stocking_Expenses(weekly_start_date,weekly_cost,storeID,productID) VALUES ('1/17/2023','$747.61',4,39);
INSERT INTO Stocking_Expenses(weekly_start_date,weekly_cost,storeID,productID) VALUES ('12/2/2022','$766.61',9,13);
INSERT INTO Stocking_Expenses(weekly_start_date,weekly_cost,storeID,productID) VALUES ('2/8/2023','$868.08',7,32);
INSERT INTO Stocking_Expenses(weekly_start_date,weekly_cost,storeID,productID) VALUES ('12/31/2022','$811.49',10,45);
INSERT INTO Stocking_Expenses(weekly_start_date,weekly_cost,storeID,productID) VALUES ('2/27/2023','$715.67',10,27);
INSERT INTO Stocking_Expenses(weekly_start_date,weekly_cost,storeID,productID) VALUES ('2/8/2023','$704.71',2,25);
INSERT INTO Stocking_Expenses(weekly_start_date,weekly_cost,storeID,productID) VALUES ('10/17/2022','$861.92',6,32);
INSERT INTO Stocking_Expenses(weekly_start_date,weekly_cost,storeID,productID) VALUES ('10/29/2022','$829.08',5,29);
INSERT INTO Stocking_Expenses(weekly_start_date,weekly_cost,storeID,productID) VALUES ('3/24/2023','$882.99',6,15);
INSERT INTO Stocking_Expenses(weekly_start_date,weekly_cost,storeID,productID) VALUES ('3/29/2023','$744.09',10,24);
INSERT INTO Stocking_Expenses(weekly_start_date,weekly_cost,storeID,productID) VALUES ('10/31/2022','$841.28',2,9);
INSERT INTO Stocking_Expenses(weekly_start_date,weekly_cost,storeID,productID) VALUES ('1/21/2023','$794.44',1,28);
INSERT INTO Stocking_Expenses(weekly_start_date,weekly_cost,storeID,productID) VALUES ('12/5/2022','$760.55',6,13);
INSERT INTO Stocking_Expenses(weekly_start_date,weekly_cost,storeID,productID) VALUES ('4/8/2023','$723.55',5,42);
INSERT INTO Stocking_Expenses(weekly_start_date,weekly_cost,storeID,productID) VALUES ('1/29/2023','$794.49',7,8);
INSERT INTO Stocking_Expenses(weekly_start_date,weekly_cost,storeID,productID) VALUES ('12/29/2022','$838.67',3,4);
INSERT INTO Stocking_Expenses(weekly_start_date,weekly_cost,storeID,productID) VALUES ('10/29/2022','$778.26',10,12);
INSERT INTO Stocking_Expenses(weekly_start_date,weekly_cost,storeID,productID) VALUES ('3/16/2023','$795.22',6,26);
INSERT INTO Stocking_Expenses(weekly_start_date,weekly_cost,storeID,productID) VALUES ('11/14/2022','$768.21',6,22);
INSERT INTO Stocking_Expenses(weekly_start_date,weekly_cost,storeID,productID) VALUES ('11/1/2022','$853.30',7,34);
INSERT INTO Stocking_Expenses(weekly_start_date,weekly_cost,storeID,productID) VALUES ('12/14/2022','$786.28',3,9);
INSERT INTO Stocking_Expenses(weekly_start_date,weekly_cost,storeID,productID) VALUES ('12/20/2022','$715.02',3,35);
INSERT INTO Stocking_Expenses(weekly_start_date,weekly_cost,storeID,productID) VALUES ('12/26/2022','$720.63',4,25);
INSERT INTO Stocking_Expenses(weekly_start_date,weekly_cost,storeID,productID) VALUES ('11/13/2022','$711.67',10,29);
INSERT INTO Stocking_Expenses(weekly_start_date,weekly_cost,storeID,productID) VALUES ('12/23/2022','$788.62',8,41);
INSERT INTO Stocking_Expenses(weekly_start_date,weekly_cost,storeID,productID) VALUES ('3/28/2023','$805.84',1,10);
INSERT INTO Stocking_Expenses(weekly_start_date,weekly_cost,storeID,productID) VALUES ('3/5/2023','$829.01',5,32);
INSERT INTO Stocking_Expenses(weekly_start_date,weekly_cost,storeID,productID) VALUES ('12/23/2022','$829.24',7,37);
INSERT INTO Stocking_Expenses(weekly_start_date,weekly_cost,storeID,productID) VALUES ('1/31/2023','$723.06',1,39);
INSERT INTO Stocking_Expenses(weekly_start_date,weekly_cost,storeID,productID) VALUES ('4/6/2023','$872.08',9,31);
INSERT INTO Stocking_Expenses(weekly_start_date,weekly_cost,storeID,productID) VALUES ('11/23/2022','$825.01',9,9);
INSERT INTO Stocking_Expenses(weekly_start_date,weekly_cost,storeID,productID) VALUES ('3/22/2023','$756.29',10,10);
INSERT INTO Stocking_Expenses(weekly_start_date,weekly_cost,storeID,productID) VALUES ('10/30/2022','$776.24',4,5);
INSERT INTO Stocking_Expenses(weekly_start_date,weekly_cost,storeID,productID) VALUES ('3/24/2023','$722.78',1,21);
INSERT INTO Stocking_Expenses(weekly_start_date,weekly_cost,storeID,productID) VALUES ('11/19/2022','$793.56',4,20);
INSERT INTO Stocking_Expenses(weekly_start_date,weekly_cost,storeID,productID) VALUES ('12/10/2022','$808.79',10,16);
INSERT INTO Stocking_Expenses(weekly_start_date,weekly_cost,storeID,productID) VALUES ('2/26/2023','$829.57',8,34);
INSERT INTO Stocking_Expenses(weekly_start_date,weekly_cost,storeID,productID) VALUES ('12/6/2022','$720.25',4,16);
INSERT INTO Stocking_Expenses(weekly_start_date,weekly_cost,storeID,productID) VALUES ('10/19/2022','$722.70',4,21);
INSERT INTO Stocking_Expenses(weekly_start_date,weekly_cost,storeID,productID) VALUES ('3/2/2023','$803.80',4,35);
INSERT INTO Stocking_Expenses(weekly_start_date,weekly_cost,storeID,productID) VALUES ('4/13/2023','$730.85',8,32);
INSERT INTO Stocking_Expenses(weekly_start_date,weekly_cost,storeID,productID) VALUES ('3/8/2023','$859.82',2,4);
INSERT INTO Stocking_Expenses(weekly_start_date,weekly_cost,storeID,productID) VALUES ('10/21/2022','$831.73',9,29);
INSERT INTO Stocking_Expenses(weekly_start_date,weekly_cost,storeID,productID) VALUES ('3/16/2023','$848.22',4,26);
INSERT INTO Stocking_Expenses(weekly_start_date,weekly_cost,storeID,productID) VALUES ('12/22/2022','$814.00',10,1);
INSERT INTO Stocking_Expenses(weekly_start_date,weekly_cost,storeID,productID) VALUES ('11/19/2022','$730.32',5,22);
INSERT INTO Stocking_Expenses(weekly_start_date,weekly_cost,storeID,productID) VALUES ('10/17/2022','$806.87',9,43);
INSERT INTO Stocking_Expenses(weekly_start_date,weekly_cost,storeID,productID) VALUES ('4/3/2023','$734.14',9,18);
INSERT INTO Stocking_Expenses(weekly_start_date,weekly_cost,storeID,productID) VALUES ('10/17/2022','$727.51',3,38);
INSERT INTO Stocking_Expenses(weekly_start_date,weekly_cost,storeID,productID) VALUES ('3/23/2023','$786.43',8,3);
INSERT INTO Stocking_Expenses(weekly_start_date,weekly_cost,storeID,productID) VALUES ('3/11/2023','$821.09',7,6);
INSERT INTO Stocking_Expenses(weekly_start_date,weekly_cost,storeID,productID) VALUES ('12/2/2022','$851.10',1,40);
# 100 records
#--------------------------------------------------------------------------------------------------------------------------------------

#--------------------------------------------------------------------------------------------------------------------------------------
#
# Adding data for table 'Supplier_Orders'
#
INSERT INTO Supplier_Orders(orderID,units,order_date,shipping_cost,supplierID,productID) VALUES (1,18,'4/6/2023','$27.05',11,19);
INSERT INTO Supplier_Orders(orderID,units,order_date,shipping_cost,supplierID,productID) VALUES (2,12,'3/16/2023','$15.25',18,27);
INSERT INTO Supplier_Orders(orderID,units,order_date,shipping_cost,supplierID,productID) VALUES (3,14,'2/8/2023','$63.69',21,40);
INSERT INTO Supplier_Orders(orderID,units,order_date,shipping_cost,supplierID,productID) VALUES (4,11,'3/7/2023','$21.24',17,32);
INSERT INTO Supplier_Orders(orderID,units,order_date,shipping_cost,supplierID,productID) VALUES (5,20,'2/13/2023','$49.17',2,19);
INSERT INTO Supplier_Orders(orderID,units,order_date,shipping_cost,supplierID,productID) VALUES (6,11,'10/27/2022','$46.08',6,21);
INSERT INTO Supplier_Orders(orderID,units,order_date,shipping_cost,supplierID,productID) VALUES (7,11,'2/27/2023','$55.36',10,8);
INSERT INTO Supplier_Orders(orderID,units,order_date,shipping_cost,supplierID,productID) VALUES (8,18,'11/5/2022','$25.35',14,22);
INSERT INTO Supplier_Orders(orderID,units,order_date,shipping_cost,supplierID,productID) VALUES (9,20,'11/14/2022','$38.22',24,12);
INSERT INTO Supplier_Orders(orderID,units,order_date,shipping_cost,supplierID,productID) VALUES (10,15,'12/16/2022','$18.75',9,31);
INSERT INTO Supplier_Orders(orderID,units,order_date,shipping_cost,supplierID,productID) VALUES (11,20,'11/11/2022','$23.37',3,32);
INSERT INTO Supplier_Orders(orderID,units,order_date,shipping_cost,supplierID,productID) VALUES (12,13,'1/30/2023','$74.09',15,35);
INSERT INTO Supplier_Orders(orderID,units,order_date,shipping_cost,supplierID,productID) VALUES (13,15,'3/16/2023','$64.45',5,20);
INSERT INTO Supplier_Orders(orderID,units,order_date,shipping_cost,supplierID,productID) VALUES (14,11,'3/24/2023','$68.62',13,5);
INSERT INTO Supplier_Orders(orderID,units,order_date,shipping_cost,supplierID,productID) VALUES (15,17,'11/14/2022','$39.54',23,6);
INSERT INTO Supplier_Orders(orderID,units,order_date,shipping_cost,supplierID,productID) VALUES (16,11,'3/26/2023','$27.43',16,9);
INSERT INTO Supplier_Orders(orderID,units,order_date,shipping_cost,supplierID,productID) VALUES (17,18,'11/3/2022','$33.77',12,8);
INSERT INTO Supplier_Orders(orderID,units,order_date,shipping_cost,supplierID,productID) VALUES (18,15,'12/31/2022','$25.24',25,38);
INSERT INTO Supplier_Orders(orderID,units,order_date,shipping_cost,supplierID,productID) VALUES (19,10,'1/19/2023','$50.16',4,12);
INSERT INTO Supplier_Orders(orderID,units,order_date,shipping_cost,supplierID,productID) VALUES (20,10,'4/3/2023','$19.06',19,11);
INSERT INTO Supplier_Orders(orderID,units,order_date,shipping_cost,supplierID,productID) VALUES (21,16,'4/16/2023','$21.35',22,40);
INSERT INTO Supplier_Orders(orderID,units,order_date,shipping_cost,supplierID,productID) VALUES (22,13,'2/12/2023','$68.97',20,35);
INSERT INTO Supplier_Orders(orderID,units,order_date,shipping_cost,supplierID,productID) VALUES (23,16,'12/8/2022','$66.17',1,29);
INSERT INTO Supplier_Orders(orderID,units,order_date,shipping_cost,supplierID,productID) VALUES (24,11,'10/24/2022','$51.29',7,30);
INSERT INTO Supplier_Orders(orderID,units,order_date,shipping_cost,supplierID,productID) VALUES (25,10,'1/26/2023','$40.67',8,23);
INSERT INTO Supplier_Orders(orderID,units,order_date,shipping_cost,supplierID,productID) VALUES (26,15,'1/7/2023','$63.76',23,41);
INSERT INTO Supplier_Orders(orderID,units,order_date,shipping_cost,supplierID,productID) VALUES (27,19,'3/30/2023','$25.92',18,30);
INSERT INTO Supplier_Orders(orderID,units,order_date,shipping_cost,supplierID,productID) VALUES (28,19,'3/28/2023','$48.11',16,31);
INSERT INTO Supplier_Orders(orderID,units,order_date,shipping_cost,supplierID,productID) VALUES (29,19,'11/9/2022','$28.42',11,44);
INSERT INTO Supplier_Orders(orderID,units,order_date,shipping_cost,supplierID,productID) VALUES (30,13,'12/20/2022','$27.60',9,23);
INSERT INTO Supplier_Orders(orderID,units,order_date,shipping_cost,supplierID,productID) VALUES (31,11,'1/19/2023','$21.65',6,18);
INSERT INTO Supplier_Orders(orderID,units,order_date,shipping_cost,supplierID,productID) VALUES (32,15,'3/8/2023','$21.83',3,9);
INSERT INTO Supplier_Orders(orderID,units,order_date,shipping_cost,supplierID,productID) VALUES (33,19,'10/20/2022','$14.24',9,17);
INSERT INTO Supplier_Orders(orderID,units,order_date,shipping_cost,supplierID,productID) VALUES (34,11,'12/11/2022','$40.45',17,36);
INSERT INTO Supplier_Orders(orderID,units,order_date,shipping_cost,supplierID,productID) VALUES (35,14,'3/16/2023','$12.20',11,34);
INSERT INTO Supplier_Orders(orderID,units,order_date,shipping_cost,supplierID,productID) VALUES (36,12,'2/8/2023','$54.33',21,12);
INSERT INTO Supplier_Orders(orderID,units,order_date,shipping_cost,supplierID,productID) VALUES (37,13,'12/20/2022','$36.50',3,3);
INSERT INTO Supplier_Orders(orderID,units,order_date,shipping_cost,supplierID,productID) VALUES (38,18,'3/18/2023','$17.74',4,1);
INSERT INTO Supplier_Orders(orderID,units,order_date,shipping_cost,supplierID,productID) VALUES (39,14,'10/26/2022','$17.84',10,9);
INSERT INTO Supplier_Orders(orderID,units,order_date,shipping_cost,supplierID,productID) VALUES (40,12,'1/2/2023','$66.58',19,40);
INSERT INTO Supplier_Orders(orderID,units,order_date,shipping_cost,supplierID,productID) VALUES (41,15,'1/13/2023','$21.40',24,36);
INSERT INTO Supplier_Orders(orderID,units,order_date,shipping_cost,supplierID,productID) VALUES (42,11,'4/11/2023','$24.66',23,1);
INSERT INTO Supplier_Orders(orderID,units,order_date,shipping_cost,supplierID,productID) VALUES (43,13,'1/27/2023','$58.59',13,4);
INSERT INTO Supplier_Orders(orderID,units,order_date,shipping_cost,supplierID,productID) VALUES (44,14,'1/2/2023','$48.66',5,32);
INSERT INTO Supplier_Orders(orderID,units,order_date,shipping_cost,supplierID,productID) VALUES (45,11,'2/23/2023','$56.70',20,24);
INSERT INTO Supplier_Orders(orderID,units,order_date,shipping_cost,supplierID,productID) VALUES (46,11,'4/12/2023','$62.13',6,40);
INSERT INTO Supplier_Orders(orderID,units,order_date,shipping_cost,supplierID,productID) VALUES (47,12,'12/11/2022','$63.86',18,13);
INSERT INTO Supplier_Orders(orderID,units,order_date,shipping_cost,supplierID,productID) VALUES (48,15,'1/12/2023','$22.46',15,26);
INSERT INTO Supplier_Orders(orderID,units,order_date,shipping_cost,supplierID,productID) VALUES (49,16,'11/19/2022','$73.48',8,20);
INSERT INTO Supplier_Orders(orderID,units,order_date,shipping_cost,supplierID,productID) VALUES (50,18,'3/5/2023','$11.46',16,17);
INSERT INTO Supplier_Orders(orderID,units,order_date,shipping_cost,supplierID,productID) VALUES (51,15,'4/14/2023','$35.21',25,34);
INSERT INTO Supplier_Orders(orderID,units,order_date,shipping_cost,supplierID,productID) VALUES (52,11,'12/18/2022','$18.65',1,14);
INSERT INTO Supplier_Orders(orderID,units,order_date,shipping_cost,supplierID,productID) VALUES (53,18,'2/25/2023','$60.50',14,38);
INSERT INTO Supplier_Orders(orderID,units,order_date,shipping_cost,supplierID,productID) VALUES (54,13,'2/9/2023','$15.89',12,44);
INSERT INTO Supplier_Orders(orderID,units,order_date,shipping_cost,supplierID,productID) VALUES (55,17,'2/21/2023','$35.72',22,5);
INSERT INTO Supplier_Orders(orderID,units,order_date,shipping_cost,supplierID,productID) VALUES (56,18,'3/27/2023','$74.07',7,6);
INSERT INTO Supplier_Orders(orderID,units,order_date,shipping_cost,supplierID,productID) VALUES (57,14,'2/27/2023','$54.44',2,30);
INSERT INTO Supplier_Orders(orderID,units,order_date,shipping_cost,supplierID,productID) VALUES (59,17,'12/18/2022','$53.73',6,6);
INSERT INTO Supplier_Orders(orderID,units,order_date,shipping_cost,supplierID,productID) VALUES (60,19,'1/15/2023','$15.58',15,15);
INSERT INTO Supplier_Orders(orderID,units,order_date,shipping_cost,supplierID,productID) VALUES (61,16,'10/22/2022','$19.38',10,34);
INSERT INTO Supplier_Orders(orderID,units,order_date,shipping_cost,supplierID,productID) VALUES (62,10,'1/15/2023','$24.75',2,7);
INSERT INTO Supplier_Orders(orderID,units,order_date,shipping_cost,supplierID,productID) VALUES (63,10,'3/8/2023','$60.22',11,41);
INSERT INTO Supplier_Orders(orderID,units,order_date,shipping_cost,supplierID,productID) VALUES (64,19,'12/31/2022','$57.30',18,17);
INSERT INTO Supplier_Orders(orderID,units,order_date,shipping_cost,supplierID,productID) VALUES (65,19,'11/30/2022','$42.49',9,44);
INSERT INTO Supplier_Orders(orderID,units,order_date,shipping_cost,supplierID,productID) VALUES (66,20,'2/26/2023','$39.77',23,22);
INSERT INTO Supplier_Orders(orderID,units,order_date,shipping_cost,supplierID,productID) VALUES (67,16,'11/12/2022','$11.93',6,33);
INSERT INTO Supplier_Orders(orderID,units,order_date,shipping_cost,supplierID,productID) VALUES (68,11,'10/30/2022','$66.21',17,2);
INSERT INTO Supplier_Orders(orderID,units,order_date,shipping_cost,supplierID,productID) VALUES (69,13,'12/29/2022','$40.22',22,9);
INSERT INTO Supplier_Orders(orderID,units,order_date,shipping_cost,supplierID,productID) VALUES (70,15,'11/18/2022','$43.89',24,17);
INSERT INTO Supplier_Orders(orderID,units,order_date,shipping_cost,supplierID,productID) VALUES (71,16,'1/9/2023','$66.44',12,24);
INSERT INTO Supplier_Orders(orderID,units,order_date,shipping_cost,supplierID,productID) VALUES (72,17,'4/2/2023','$72.85',19,29);
INSERT INTO Supplier_Orders(orderID,units,order_date,shipping_cost,supplierID,productID) VALUES (74,20,'11/2/2022','$45.19',8,35);
INSERT INTO Supplier_Orders(orderID,units,order_date,shipping_cost,supplierID,productID) VALUES (75,14,'2/8/2023','$65.68',21,8);
INSERT INTO Supplier_Orders(orderID,units,order_date,shipping_cost,supplierID,productID) VALUES (77,10,'2/2/2023','$13.98',14,32);
INSERT INTO Supplier_Orders(orderID,units,order_date,shipping_cost,supplierID,productID) VALUES (78,19,'2/10/2023','$36.64',11,27);
INSERT INTO Supplier_Orders(orderID,units,order_date,shipping_cost,supplierID,productID) VALUES (79,19,'11/24/2022','$25.05',18,14);
INSERT INTO Supplier_Orders(orderID,units,order_date,shipping_cost,supplierID,productID) VALUES (80,20,'2/9/2023','$68.17',2,14);
INSERT INTO Supplier_Orders(orderID,units,order_date,shipping_cost,supplierID,productID) VALUES (81,18,'3/7/2023','$65.23',15,7);
INSERT INTO Supplier_Orders(orderID,units,order_date,shipping_cost,supplierID,productID) VALUES (82,14,'12/27/2022','$44.81',25,39);
INSERT INTO Supplier_Orders(orderID,units,order_date,shipping_cost,supplierID,productID) VALUES (83,12,'11/15/2022','$37.26',4,39);
INSERT INTO Supplier_Orders(orderID,units,order_date,shipping_cost,supplierID,productID) VALUES (84,17,'11/22/2022','$24.14',5,11);
INSERT INTO Supplier_Orders(orderID,units,order_date,shipping_cost,supplierID,productID) VALUES (85,17,'4/10/2023','$59.29',7,1);
INSERT INTO Supplier_Orders(orderID,units,order_date,shipping_cost,supplierID,productID) VALUES (86,11,'2/23/2023','$57.01',13,19);
INSERT INTO Supplier_Orders(orderID,units,order_date,shipping_cost,supplierID,productID) VALUES (87,17,'12/4/2022','$48.02',10,6);
INSERT INTO Supplier_Orders(orderID,units,order_date,shipping_cost,supplierID,productID) VALUES (88,19,'11/26/2022','$32.87',16,2);
INSERT INTO Supplier_Orders(orderID,units,order_date,shipping_cost,supplierID,productID) VALUES (89,16,'1/17/2023','$64.56',20,17);
INSERT INTO Supplier_Orders(orderID,units,order_date,shipping_cost,supplierID,productID) VALUES (90,16,'12/10/2022','$50.30',10,11);
INSERT INTO Supplier_Orders(orderID,units,order_date,shipping_cost,supplierID,productID) VALUES (91,19,'12/14/2022','$73.47',6,36);
INSERT INTO Supplier_Orders(orderID,units,order_date,shipping_cost,supplierID,productID) VALUES (92,13,'12/13/2022','$15.20',16,35);
INSERT INTO Supplier_Orders(orderID,units,order_date,shipping_cost,supplierID,productID) VALUES (93,19,'12/1/2022','$53.69',19,44);
INSERT INTO Supplier_Orders(orderID,units,order_date,shipping_cost,supplierID,productID) VALUES (94,14,'11/23/2022','$64.25',21,41);
INSERT INTO Supplier_Orders(orderID,units,order_date,shipping_cost,supplierID,productID) VALUES (95,18,'4/7/2023','$44.17',12,27);
INSERT INTO Supplier_Orders(orderID,units,order_date,shipping_cost,supplierID,productID) VALUES (96,12,'3/20/2023','$14.25',1,2);
INSERT INTO Supplier_Orders(orderID,units,order_date,shipping_cost,supplierID,productID) VALUES (97,12,'11/8/2022','$49.51',21,28);
INSERT INTO Supplier_Orders(orderID,units,order_date,shipping_cost,supplierID,productID) VALUES (98,17,'2/17/2023','$73.29',5,2);
INSERT INTO Supplier_Orders(orderID,units,order_date,shipping_cost,supplierID,productID) VALUES (99,19,'3/27/2023','$52.93',18,32);
INSERT INTO Supplier_Orders(orderID,units,order_date,shipping_cost,supplierID,productID) VALUES (100,18,'1/26/2023','$33.10',24,28);
INSERT INTO Supplier_Orders(orderID,units,order_date,shipping_cost,supplierID,productID) VALUES (101,13,'3/11/2023','$12.60',10,36);
INSERT INTO Supplier_Orders(orderID,units,order_date,shipping_cost,supplierID,productID) VALUES (102,20,'11/27/2022','$15.93',23,23);
INSERT INTO Supplier_Orders(orderID,units,order_date,shipping_cost,supplierID,productID) VALUES (103,16,'3/30/2023','$58.47',9,26);
INSERT INTO Supplier_Orders(orderID,units,order_date,shipping_cost,supplierID,productID) VALUES (104,14,'4/5/2023','$49.72',12,1);
# 100 records
#--------------------------------------------------------------------------------------------------------------------------------------

#--------------------------------------------------------------------------------------------------------------------------------------
#
# Adding data for table 'Prod_Sup'
#
INSERT INTO Prod_Sup(productID,supplierID) VALUES (17,19);
INSERT INTO Prod_Sup(productID,supplierID) VALUES (28,14);
INSERT INTO Prod_Sup(productID,supplierID) VALUES (38,11);
INSERT INTO Prod_Sup(productID,supplierID) VALUES (45,2);
INSERT INTO Prod_Sup(productID,supplierID) VALUES (41,18);
INSERT INTO Prod_Sup(productID,supplierID) VALUES (39,15);
INSERT INTO Prod_Sup(productID,supplierID) VALUES (36,22);
INSERT INTO Prod_Sup(productID,supplierID) VALUES (40,16);
INSERT INTO Prod_Sup(productID,supplierID) VALUES (44,13);
INSERT INTO Prod_Sup(productID,supplierID) VALUES (6,3);
INSERT INTO Prod_Sup(productID,supplierID) VALUES (8,18);
INSERT INTO Prod_Sup(productID,supplierID) VALUES (10,3);
INSERT INTO Prod_Sup(productID,supplierID) VALUES (33,14);
INSERT INTO Prod_Sup(productID,supplierID) VALUES (13,4);
INSERT INTO Prod_Sup(productID,supplierID) VALUES (9,20);
INSERT INTO Prod_Sup(productID,supplierID) VALUES (37,12);
INSERT INTO Prod_Sup(productID,supplierID) VALUES (1,17);
INSERT INTO Prod_Sup(productID,supplierID) VALUES (13,17);
INSERT INTO Prod_Sup(productID,supplierID) VALUES (8,1);
INSERT INTO Prod_Sup(productID,supplierID) VALUES (27,3);
INSERT INTO Prod_Sup(productID,supplierID) VALUES (19,5);
INSERT INTO Prod_Sup(productID,supplierID) VALUES (45,1);
INSERT INTO Prod_Sup(productID,supplierID) VALUES (27,15);
INSERT INTO Prod_Sup(productID,supplierID) VALUES (18,25);
INSERT INTO Prod_Sup(productID,supplierID) VALUES (26,21);
INSERT INTO Prod_Sup(productID,supplierID) VALUES (44,21);
INSERT INTO Prod_Sup(productID,supplierID) VALUES (22,25);
INSERT INTO Prod_Sup(productID,supplierID) VALUES (16,25);
INSERT INTO Prod_Sup(productID,supplierID) VALUES (17,11);
INSERT INTO Prod_Sup(productID,supplierID) VALUES (38,8);
INSERT INTO Prod_Sup(productID,supplierID) VALUES (7,10);
INSERT INTO Prod_Sup(productID,supplierID) VALUES (10,21);
INSERT INTO Prod_Sup(productID,supplierID) VALUES (14,23);
INSERT INTO Prod_Sup(productID,supplierID) VALUES (13,7);
INSERT INTO Prod_Sup(productID,supplierID) VALUES (10,14);
INSERT INTO Prod_Sup(productID,supplierID) VALUES (22,21);
INSERT INTO Prod_Sup(productID,supplierID) VALUES (38,24);
INSERT INTO Prod_Sup(productID,supplierID) VALUES (24,25);
INSERT INTO Prod_Sup(productID,supplierID) VALUES (34,6);
INSERT INTO Prod_Sup(productID,supplierID) VALUES (21,15);
INSERT INTO Prod_Sup(productID,supplierID) VALUES (41,2);
INSERT INTO Prod_Sup(productID,supplierID) VALUES (2,2);
INSERT INTO Prod_Sup(productID,supplierID) VALUES (8,25);
INSERT INTO Prod_Sup(productID,supplierID) VALUES (9,13);
INSERT INTO Prod_Sup(productID,supplierID) VALUES (18,15);
# 45 records
#--------------------------------------------------------------------------------------------------------------------------------------

